person,speaker_id,label,filename,source_dataset,generator,split,duration,sample_rate
Speaker_id04055,id04055,real,Speaker_id04055_real_001.wav,FakeAVCeleb_CelebDF,human,train,4.22,16000
Speaker_id04055,id04055,real,Speaker_id04055_real_002.wav,FakeAVCeleb_CelebDF,human,train,4.16,16000
Speaker_id04055,id04055,real,Speaker_id04055_real_003.wav,FakeAVCeleb_CelebDF,human,train,4.22,16000
Speaker_id04055,id04055,real,Speaker_id04055_real_004.wav,FakeAVCeleb_CelebDF,human,train,4.22,16000
Speaker_id04055,id04055,real,Speaker_id04055_real_006.wav,FakeAVCeleb_CelebDF,human,train,4.22,16000
Speaker_id04055,id04055,real,Speaker_id04055_real_008.wav,FakeAVCeleb_CelebDF,human,train,4.22,16000
Speaker_id04055,id04055,real,Speaker_id04055_real_010.wav,FakeAVCeleb_CelebDF,human,train,4.22,16000
Speaker_id04055,id04055,real,Speaker_id04055_real_012.wav,FakeAVCeleb_CelebDF,human,train,4.22,16000
Speaker_id04055,id04055,real,Speaker_id04055_real_013.wav,FakeAVCeleb_CelebDF,human,train,4.22,16000
Speaker_id04055,id04055,real,Speaker_id04055_real_014.wav,FakeAVCeleb_CelebDF,human,train,4.22,16000
Speaker_id04055,id04055,fake,Speaker_id04055_fake_001.wav,FakeAVCeleb_CelebDF,wav2lip,train,4.22,16000
Speaker_id04055,id04055,fake,Speaker_id04055_fake_002.wav,FakeAVCeleb_CelebDF,fsgan-wav2lip,train,4.22,16000
Speaker_id04055,id04055,fake,Speaker_id04055_fake_003.wav,FakeAVCeleb_CelebDF,wav2lip,train,4.22,16000
Speaker_id04055,id04055,fake,Speaker_id04055_fake_004.wav,FakeAVCeleb_CelebDF,wav2lip,train,3.14,16000
Speaker_id04055,id04055,fake,Speaker_id04055_fake_006.wav,FakeAVCeleb_CelebDF,wav2lip,train,4.22,16000
Speaker_id04055,id04055,fake,Speaker_id04055_fake_007.wav,FakeAVCeleb_CelebDF,fsgan-wav2lip,train,2.56,16000
Speaker_id04055,id04055,fake,Speaker_id04055_fake_008.wav,FakeAVCeleb_CelebDF,fsgan-wav2lip,train,4.22,16000
Speaker_id04055,id04055,fake,Speaker_id04055_fake_009.wav,FakeAVCeleb_CelebDF,wav2lip,train,4.22,16000
Speaker_id04055,id04055,fake,Speaker_id04055_fake_010.wav,FakeAVCeleb_CelebDF,wav2lip,train,4.22,16000
Speaker_id04055,id04055,fake,Speaker_id04055_fake_011.wav,FakeAVCeleb_CelebDF,fsgan-wav2lip,train,4.22,16000
Speaker_id04055,id04055,fake,Speaker_id04055_fake_012.wav,FakeAVCeleb_CelebDF,wav2lip,train,4.22,16000
Speaker_id04055,id04055,fake,Speaker_id04055_fake_013.wav,FakeAVCeleb_CelebDF,wav2lip,train,4.1,16000
Speaker_id04055,id04055,fake,Speaker_id04055_fake_014.wav,FakeAVCeleb_CelebDF,fsgan-wav2lip,train,4.22,16000
Speaker_id04055,id04055,fake,Speaker_id04055_fake_015.wav,FakeAVCeleb_CelebDF,wav2lip,train,4.09,16000
Speaker_id00068,id00068,real,Speaker_id00068_real_001.wav,FakeAVCeleb_CelebDF,human,train,4.48,16000
Speaker_id00068,id00068,real,Speaker_id00068_real_002.wav,FakeAVCeleb_CelebDF,human,train,5.12,16000
Speaker_id00068,id00068,real,Speaker_id00068_real_003.wav,FakeAVCeleb_CelebDF,human,train,4.93,16000
Speaker_id00068,id00068,real,Speaker_id00068_real_004.wav,FakeAVCeleb_CelebDF,human,train,4.48,16000
Speaker_id00068,id00068,real,Speaker_id00068_real_005.wav,FakeAVCeleb_CelebDF,human,train,6.59,16000
Speaker_id00068,id00068,real,Speaker_id00068_real_006.wav,FakeAVCeleb_CelebDF,human,train,4.5,16000
Speaker_id00068,id00068,real,Speaker_id00068_real_007.wav,FakeAVCeleb_CelebDF,human,train,6.53,16000
Speaker_id00068,id00068,real,Speaker_id00068_real_008.wav,FakeAVCeleb_CelebDF,human,train,6.59,16000
Speaker_id00068,id00068,real,Speaker_id00068_real_009.wav,FakeAVCeleb_CelebDF,human,train,6.59,16000
Speaker_id00068,id00068,real,Speaker_id00068_real_011.wav,FakeAVCeleb_CelebDF,human,train,4.95,16000
Speaker_id00068,id00068,real,Speaker_id00068_real_014.wav,FakeAVCeleb_CelebDF,human,train,5.15,16000
Speaker_id00068,id00068,fake,Speaker_id00068_fake_001.wav,FakeAVCeleb_CelebDF,faceswap-wav2lip,train,5.18,16000
Speaker_id00068,id00068,fake,Speaker_id00068_fake_002.wav,FakeAVCeleb_CelebDF,faceswap-wav2lip,train,5.18,16000
Speaker_id00068,id00068,fake,Speaker_id00068_fake_003.wav,FakeAVCeleb_CelebDF,faceswap-wav2lip,train,3.32,16000
Speaker_id00068,id00068,fake,Speaker_id00068_fake_004.wav,FakeAVCeleb_CelebDF,faceswap-wav2lip,train,5.18,16000
Speaker_id00068,id00068,fake,Speaker_id00068_fake_005.wav,FakeAVCeleb_CelebDF,faceswap-wav2lip,train,5.18,16000
Speaker_id00068,id00068,fake,Speaker_id00068_fake_006.wav,FakeAVCeleb_CelebDF,faceswap-wav2lip,train,4.99,16000
Speaker_id00068,id00068,fake,Speaker_id00068_fake_007.wav,FakeAVCeleb_CelebDF,faceswap-wav2lip,train,4.99,16000
Speaker_id00068,id00068,fake,Speaker_id00068_fake_008.wav,FakeAVCeleb_CelebDF,faceswap-wav2lip,train,4.99,16000
Speaker_id00068,id00068,fake,Speaker_id00068_fake_009.wav,FakeAVCeleb_CelebDF,faceswap-wav2lip,train,4.99,16000
Speaker_id00068,id00068,fake,Speaker_id00068_fake_010.wav,FakeAVCeleb_CelebDF,faceswap-wav2lip,train,4.54,16000
Speaker_id00068,id00068,fake,Speaker_id00068_fake_011.wav,FakeAVCeleb_CelebDF,faceswap-wav2lip,train,4.54,16000
Speaker_id00068,id00068,fake,Speaker_id00068_fake_012.wav,FakeAVCeleb_CelebDF,faceswap-wav2lip,train,3.25,16000
Speaker_id00068,id00068,fake,Speaker_id00068_fake_013.wav,FakeAVCeleb_CelebDF,faceswap-wav2lip,train,4.54,16000
Speaker_id00068,id00068,fake,Speaker_id00068_fake_014.wav,FakeAVCeleb_CelebDF,faceswap-wav2lip,train,4.54,16000
Speaker_id00068,id00068,fake,Speaker_id00068_fake_015.wav,FakeAVCeleb_CelebDF,wav2lip,train,3.88,16000
Speaker_id00098,id00098,real,Speaker_id00098_real_001.wav,FakeAVCeleb_CelebDF,human,test,4.35,16000
Speaker_id00098,id00098,real,Speaker_id00098_real_002.wav,FakeAVCeleb_CelebDF,human,test,4.29,16000
Speaker_id00098,id00098,real,Speaker_id00098_real_003.wav,FakeAVCeleb_CelebDF,human,test,4.35,16000
Speaker_id00098,id00098,real,Speaker_id00098_real_004.wav,FakeAVCeleb_CelebDF,human,test,4.35,16000
Speaker_id00098,id00098,real,Speaker_id00098_real_008.wav,FakeAVCeleb_CelebDF,human,test,4.35,16000
Speaker_id00098,id00098,real,Speaker_id00098_real_010.wav,FakeAVCeleb_CelebDF,human,test,4.29,16000
Speaker_id00098,id00098,real,Speaker_id00098_real_011.wav,FakeAVCeleb_CelebDF,human,test,4.35,16000
Speaker_id00098,id00098,real,Speaker_id00098_real_013.wav,FakeAVCeleb_CelebDF,human,test,4.35,16000
Speaker_id00098,id00098,fake,Speaker_id00098_fake_001.wav,FakeAVCeleb_CelebDF,fsgan-wav2lip,test,4.35,16000
Speaker_id00098,id00098,fake,Speaker_id00098_fake_002.wav,FakeAVCeleb_CelebDF,wav2lip,test,4.35,16000
Speaker_id00098,id00098,fake,Speaker_id00098_fake_003.wav,FakeAVCeleb_CelebDF,fsgan-wav2lip,test,3.78,16000
Speaker_id00098,id00098,fake,Speaker_id00098_fake_004.wav,FakeAVCeleb_CelebDF,wav2lip,test,4.35,16000
Speaker_id00098,id00098,fake,Speaker_id00098_fake_005.wav,FakeAVCeleb_CelebDF,fsgan-wav2lip,test,4.35,16000
Speaker_id00098,id00098,fake,Speaker_id00098_fake_006.wav,FakeAVCeleb_CelebDF,fsgan-wav2lip,test,3.97,16000
Speaker_id00098,id00098,fake,Speaker_id00098_fake_007.wav,FakeAVCeleb_CelebDF,faceswap-wav2lip,test,4.35,16000
Speaker_id00098,id00098,fake,Speaker_id00098_fake_009.wav,FakeAVCeleb_CelebDF,faceswap-wav2lip,test,3.97,16000
Speaker_id00098,id00098,fake,Speaker_id00098_fake_010.wav,FakeAVCeleb_CelebDF,faceswap-wav2lip,test,4.35,16000
Speaker_id00098,id00098,fake,Speaker_id00098_fake_011.wav,FakeAVCeleb_CelebDF,faceswap-wav2lip,test,4.35,16000
Speaker_id00098,id00098,fake,Speaker_id00098_fake_012.wav,FakeAVCeleb_CelebDF,wav2lip,test,3.78,16000
Speaker_id00098,id00098,fake,Speaker_id00098_fake_013.wav,FakeAVCeleb_CelebDF,fsgan-wav2lip,test,4.35,16000
Speaker_id00098,id00098,fake,Speaker_id00098_fake_014.wav,FakeAVCeleb_CelebDF,fsgan-wav2lip,test,4.35,16000
Speaker_id00098,id00098,fake,Speaker_id00098_fake_015.wav,FakeAVCeleb_CelebDF,wav2lip,test,4.35,16000
Speaker_id07210,id07210,real,Speaker_id07210_real_001.wav,FakeAVCeleb_CelebDF,human,train,5.57,16000
Speaker_id07210,id07210,real,Speaker_id07210_real_002.wav,FakeAVCeleb_CelebDF,human,train,5.63,16000
Speaker_id07210,id07210,real,Speaker_id07210_real_005.wav,FakeAVCeleb_CelebDF,human,train,5.63,16000
Speaker_id07210,id07210,real,Speaker_id07210_real_006.wav,FakeAVCeleb_CelebDF,human,train,5.63,16000
Speaker_id07210,id07210,real,Speaker_id07210_real_007.wav,FakeAVCeleb_CelebDF,human,train,4.16,16000
Speaker_id07210,id07210,real,Speaker_id07210_real_008.wav,FakeAVCeleb_CelebDF,human,train,5.63,16000
Speaker_id07210,id07210,real,Speaker_id07210_real_009.wav,FakeAVCeleb_CelebDF,human,train,5.63,16000
Speaker_id07210,id07210,real,Speaker_id07210_real_011.wav,FakeAVCeleb_CelebDF,human,train,5.63,16000
Speaker_id07210,id07210,real,Speaker_id07210_real_012.wav,FakeAVCeleb_CelebDF,human,train,4.55,16000
Speaker_id07210,id07210,real,Speaker_id07210_real_014.wav,FakeAVCeleb_CelebDF,human,train,5.63,16000
Speaker_id07210,id07210,fake,Speaker_id07210_fake_001.wav,FakeAVCeleb_CelebDF,fsgan-wav2lip,train,4.04,16000
Speaker_id07210,id07210,fake,Speaker_id07210_fake_002.wav,FakeAVCeleb_CelebDF,fsgan-wav2lip,train,5.12,16000
Speaker_id07210,id07210,fake,Speaker_id07210_fake_003.wav,FakeAVCeleb_CelebDF,wav2lip,train,5.63,16000
Speaker_id07210,id07210,fake,Speaker_id07210_fake_004.wav,FakeAVCeleb_CelebDF,wav2lip,train,4.99,16000
Speaker_id07210,id07210,fake,Speaker_id07210_fake_005.wav,FakeAVCeleb_CelebDF,fsgan-wav2lip,train,3.99,16000
Speaker_id07210,id07210,fake,Speaker_id07210_fake_006.wav,FakeAVCeleb_CelebDF,wav2lip,train,5.11,16000
Speaker_id07210,id07210,fake,Speaker_id07210_fake_007.wav,FakeAVCeleb_CelebDF,wav2lip,train,4.25,16000
Speaker_id07210,id07210,fake,Speaker_id07210_fake_009.wav,FakeAVCeleb_CelebDF,wav2lip,train,3.88,16000
Speaker_id07210,id07210,fake,Speaker_id07210_fake_010.wav,FakeAVCeleb_CelebDF,fsgan-wav2lip,train,4.16,16000
Speaker_id07210,id07210,fake,Speaker_id07210_fake_011.wav,FakeAVCeleb_CelebDF,fsgan-wav2lip,train,4.71,16000
Speaker_id07210,id07210,fake,Speaker_id07210_fake_012.wav,FakeAVCeleb_CelebDF,faceswap-wav2lip,train,4.18,16000
Speaker_id07210,id07210,fake,Speaker_id07210_fake_013.wav,FakeAVCeleb_CelebDF,faceswap-wav2lip,train,5.25,16000
Speaker_id07210,id07210,fake,Speaker_id07210_fake_015.wav,FakeAVCeleb_CelebDF,faceswap-wav2lip,train,5.63,16000
Speaker_id06225,id06225,real,Speaker_id06225_real_001.wav,FakeAVCeleb_CelebDF,human,train,10.82,16000
Speaker_id06225,id06225,real,Speaker_id06225_real_002.wav,FakeAVCeleb_CelebDF,human,train,4.27,16000
Speaker_id06225,id06225,real,Speaker_id06225_real_004.wav,FakeAVCeleb_CelebDF,human,train,4.67,16000
Speaker_id06225,id06225,real,Speaker_id06225_real_005.wav,FakeAVCeleb_CelebDF,human,train,4.76,16000
Speaker_id06225,id06225,real,Speaker_id06225_real_007.wav,FakeAVCeleb_CelebDF,human,train,10.88,16000
Speaker_id06225,id06225,real,Speaker_id06225_real_009.wav,FakeAVCeleb_CelebDF,human,train,5.43,16000
Speaker_id06225,id06225,real,Speaker_id06225_real_010.wav,FakeAVCeleb_CelebDF,human,train,4.16,16000
Speaker_id06225,id06225,real,Speaker_id06225_real_011.wav,FakeAVCeleb_CelebDF,human,train,5.15,16000
Speaker_id06225,id06225,real,Speaker_id06225_real_012.wav,FakeAVCeleb_CelebDF,human,train,5.6,16000
Speaker_id06225,id06225,fake,Speaker_id06225_fake_001.wav,FakeAVCeleb_CelebDF,fsgan-wav2lip,train,9.22,16000
Speaker_id06225,id06225,fake,Speaker_id06225_fake_002.wav,FakeAVCeleb_CelebDF,wav2lip,train,3.65,16000
Speaker_id06225,id06225,fake,Speaker_id06225_fake_003.wav,FakeAVCeleb_CelebDF,wav2lip,train,6.92,16000
Speaker_id06225,id06225,fake,Speaker_id06225_fake_004.wav,FakeAVCeleb_CelebDF,fsgan-wav2lip,train,3.55,16000
Speaker_id06225,id06225,fake,Speaker_id06225_fake_005.wav,FakeAVCeleb_CelebDF,wav2lip,train,4.55,16000
Speaker_id06225,id06225,fake,Speaker_id06225_fake_007.wav,FakeAVCeleb_CelebDF,fsgan-wav2lip,train,7.04,16000
Speaker_id06225,id06225,fake,Speaker_id06225_fake_008.wav,FakeAVCeleb_CelebDF,wav2lip,train,9.6,16000
Speaker_id06225,id06225,fake,Speaker_id06225_fake_009.wav,FakeAVCeleb_CelebDF,fsgan-wav2lip,train,3.58,16000
Speaker_id06225,id06225,fake,Speaker_id06225_fake_010.wav,FakeAVCeleb_CelebDF,fsgan-wav2lip,train,6.94,16000
Speaker_id01236,id01236,real,Speaker_id01236_real_001.wav,FakeAVCeleb_CelebDF,human,test,3.97,16000
Speaker_id01236,id01236,real,Speaker_id01236_real_002.wav,FakeAVCeleb_CelebDF,human,test,4.03,16000
Speaker_id01236,id01236,real,Speaker_id01236_real_003.wav,FakeAVCeleb_CelebDF,human,test,4.03,16000
Speaker_id01236,id01236,real,Speaker_id01236_real_004.wav,FakeAVCeleb_CelebDF,human,test,4.03,16000
Speaker_id01236,id01236,real,Speaker_id01236_real_008.wav,FakeAVCeleb_CelebDF,human,test,4.03,16000
Speaker_id01236,id01236,real,Speaker_id01236_real_009.wav,FakeAVCeleb_CelebDF,human,test,4.03,16000
Speaker_id01236,id01236,real,Speaker_id01236_real_010.wav,FakeAVCeleb_CelebDF,human,test,4.03,16000
Speaker_id01236,id01236,real,Speaker_id01236_real_012.wav,FakeAVCeleb_CelebDF,human,test,4.03,16000
Speaker_id01236,id01236,real,Speaker_id01236_real_014.wav,FakeAVCeleb_CelebDF,human,test,3.97,16000
Speaker_id01236,id01236,fake,Speaker_id01236_fake_001.wav,FakeAVCeleb_CelebDF,fsgan-wav2lip,test,3.26,16000
Speaker_id01236,id01236,fake,Speaker_id01236_fake_002.wav,FakeAVCeleb_CelebDF,fsgan-wav2lip,test,3.97,16000
Speaker_id01236,id01236,fake,Speaker_id01236_fake_003.wav,FakeAVCeleb_CelebDF,fsgan-wav2lip,test,3.84,16000
Speaker_id01236,id01236,fake,Speaker_id01236_fake_004.wav,FakeAVCeleb_CelebDF,wav2lip,test,4.03,16000
Speaker_id01236,id01236,fake,Speaker_id01236_fake_005.wav,FakeAVCeleb_CelebDF,wav2lip,test,4.03,16000
Speaker_id01236,id01236,fake,Speaker_id01236_fake_006.wav,FakeAVCeleb_CelebDF,wav2lip,test,2.94,16000
Speaker_id01236,id01236,fake,Speaker_id01236_fake_007.wav,FakeAVCeleb_CelebDF,wav2lip,test,4.03,16000
Speaker_id01236,id01236,fake,Speaker_id01236_fake_008.wav,FakeAVCeleb_CelebDF,faceswap-wav2lip,test,4.03,16000
Speaker_id01236,id01236,fake,Speaker_id01236_fake_010.wav,FakeAVCeleb_CelebDF,faceswap-wav2lip,test,3.01,16000
Speaker_id01236,id01236,fake,Speaker_id01236_fake_011.wav,FakeAVCeleb_CelebDF,faceswap-wav2lip,test,4.03,16000
Speaker_id01236,id01236,fake,Speaker_id01236_fake_012.wav,FakeAVCeleb_CelebDF,faceswap-wav2lip,test,4.03,16000
Speaker_id01236,id01236,fake,Speaker_id01236_fake_013.wav,FakeAVCeleb_CelebDF,fsgan-wav2lip,test,1.92,16000
Speaker_id06388,id06388,real,Speaker_id06388_real_001.wav,FakeAVCeleb_CelebDF,human,valid,4.83,16000
Speaker_id06388,id06388,real,Speaker_id06388_real_002.wav,FakeAVCeleb_CelebDF,human,valid,8.59,16000
Speaker_id06388,id06388,real,Speaker_id06388_real_003.wav,FakeAVCeleb_CelebDF,human,valid,5.7,16000
Speaker_id06388,id06388,real,Speaker_id06388_real_004.wav,FakeAVCeleb_CelebDF,human,valid,5.7,16000
Speaker_id06388,id06388,real,Speaker_id06388_real_006.wav,FakeAVCeleb_CelebDF,human,valid,5.76,16000
Speaker_id06388,id06388,real,Speaker_id06388_real_007.wav,FakeAVCeleb_CelebDF,human,valid,5.76,16000
Speaker_id06388,id06388,real,Speaker_id06388_real_008.wav,FakeAVCeleb_CelebDF,human,valid,5.6,16000
Speaker_id06388,id06388,real,Speaker_id06388_real_009.wav,FakeAVCeleb_CelebDF,human,valid,5.71,16000
Speaker_id06388,id06388,real,Speaker_id06388_real_010.wav,FakeAVCeleb_CelebDF,human,valid,4.39,16000
Speaker_id06388,id06388,real,Speaker_id06388_real_011.wav,FakeAVCeleb_CelebDF,human,valid,5.5,16000
Speaker_id06388,id06388,real,Speaker_id06388_real_012.wav,FakeAVCeleb_CelebDF,human,valid,5.76,16000
Speaker_id06388,id06388,real,Speaker_id06388_real_014.wav,FakeAVCeleb_CelebDF,human,valid,5.76,16000
Speaker_id06388,id06388,fake,Speaker_id06388_fake_001.wav,FakeAVCeleb_CelebDF,wav2lip,valid,3.48,16000
Speaker_id06388,id06388,fake,Speaker_id06388_fake_002.wav,FakeAVCeleb_CelebDF,faceswap-wav2lip,valid,2.37,16000
Speaker_id06388,id06388,fake,Speaker_id06388_fake_003.wav,FakeAVCeleb_CelebDF,faceswap-wav2lip,valid,3.95,16000
Speaker_id06388,id06388,fake,Speaker_id06388_fake_004.wav,FakeAVCeleb_CelebDF,faceswap-wav2lip,valid,5.12,16000
Speaker_id06388,id06388,fake,Speaker_id06388_fake_005.wav,FakeAVCeleb_CelebDF,faceswap-wav2lip,valid,2.11,16000
Speaker_id06388,id06388,fake,Speaker_id06388_fake_006.wav,FakeAVCeleb_CelebDF,wav2lip,valid,5.06,16000
Speaker_id06388,id06388,fake,Speaker_id06388_fake_007.wav,FakeAVCeleb_CelebDF,wav2lip,valid,4.37,16000
Speaker_id06388,id06388,fake,Speaker_id06388_fake_008.wav,FakeAVCeleb_CelebDF,wav2lip,valid,5.39,16000
Speaker_id06388,id06388,fake,Speaker_id06388_fake_009.wav,FakeAVCeleb_CelebDF,wav2lip,valid,4.6,16000
Speaker_id06388,id06388,fake,Speaker_id06388_fake_011.wav,FakeAVCeleb_CelebDF,wav2lip,valid,4.48,16000
Speaker_id06388,id06388,fake,Speaker_id06388_fake_012.wav,FakeAVCeleb_CelebDF,fsgan-wav2lip,valid,3.97,16000
Speaker_id06388,id06388,fake,Speaker_id06388_fake_013.wav,FakeAVCeleb_CelebDF,wav2lip,valid,4.39,16000
Speaker_id06269,id06269,real,Speaker_id06269_real_001.wav,FakeAVCeleb_CelebDF,human,test,4.48,16000
Speaker_id06269,id06269,real,Speaker_id06269_real_003.wav,FakeAVCeleb_CelebDF,human,test,4.54,16000
Speaker_id06269,id06269,real,Speaker_id06269_real_004.wav,FakeAVCeleb_CelebDF,human,test,4.54,16000
Speaker_id06269,id06269,real,Speaker_id06269_real_007.wav,FakeAVCeleb_CelebDF,human,test,4.46,16000
Speaker_id06269,id06269,real,Speaker_id06269_real_009.wav,FakeAVCeleb_CelebDF,human,test,4.54,16000
Speaker_id06269,id06269,real,Speaker_id06269_real_010.wav,FakeAVCeleb_CelebDF,human,test,4.54,16000
Speaker_id06269,id06269,real,Speaker_id06269_real_011.wav,FakeAVCeleb_CelebDF,human,test,4.54,16000
Speaker_id06269,id06269,real,Speaker_id06269_real_012.wav,FakeAVCeleb_CelebDF,human,test,4.27,16000
Speaker_id06269,id06269,real,Speaker_id06269_real_013.wav,FakeAVCeleb_CelebDF,human,test,4.54,16000
Speaker_id06269,id06269,real,Speaker_id06269_real_015.wav,FakeAVCeleb_CelebDF,human,test,4.48,16000
Speaker_id06269,id06269,fake,Speaker_id06269_fake_001.wav,FakeAVCeleb_CelebDF,wav2lip,test,4.54,16000
Speaker_id06269,id06269,fake,Speaker_id06269_fake_002.wav,FakeAVCeleb_CelebDF,fsgan-wav2lip,test,3.65,16000
Speaker_id06269,id06269,fake,Speaker_id06269_fake_003.wav,FakeAVCeleb_CelebDF,fsgan-wav2lip,test,4.54,16000
Speaker_id06269,id06269,fake,Speaker_id06269_fake_004.wav,FakeAVCeleb_CelebDF,wav2lip,test,4.54,16000
Speaker_id06269,id06269,fake,Speaker_id06269_fake_005.wav,FakeAVCeleb_CelebDF,wav2lip,test,4.54,16000
Speaker_id06269,id06269,fake,Speaker_id06269_fake_006.wav,FakeAVCeleb_CelebDF,wav2lip,test,4.48,16000
Speaker_id06269,id06269,fake,Speaker_id06269_fake_007.wav,FakeAVCeleb_CelebDF,fsgan-wav2lip,test,4.29,16000
Speaker_id06269,id06269,fake,Speaker_id06269_fake_009.wav,FakeAVCeleb_CelebDF,wav2lip,test,4.48,16000
Speaker_id06269,id06269,fake,Speaker_id06269_fake_010.wav,FakeAVCeleb_CelebDF,fsgan-wav2lip,test,3.78,16000
Speaker_id06269,id06269,fake,Speaker_id06269_fake_012.wav,FakeAVCeleb_CelebDF,wav2lip,test,3.52,16000
Speaker_id06269,id06269,fake,Speaker_id06269_fake_013.wav,FakeAVCeleb_CelebDF,faceswap-wav2lip,test,4.54,16000
Speaker_id06269,id06269,fake,Speaker_id06269_fake_014.wav,FakeAVCeleb_CelebDF,faceswap-wav2lip,test,4.54,16000
Speaker_id06269,id06269,fake,Speaker_id06269_fake_015.wav,FakeAVCeleb_CelebDF,faceswap-wav2lip,test,3.26,16000
Speaker_id00577,id00577,real,Speaker_id00577_real_001.wav,FakeAVCeleb_CelebDF,human,train,5.06,16000
Speaker_id00577,id00577,real,Speaker_id00577_real_002.wav,FakeAVCeleb_CelebDF,human,train,4.27,16000
Speaker_id00577,id00577,real,Speaker_id00577_real_003.wav,FakeAVCeleb_CelebDF,human,train,5.06,16000
Speaker_id00577,id00577,real,Speaker_id00577_real_004.wav,FakeAVCeleb_CelebDF,human,train,5.12,16000
Speaker_id00577,id00577,real,Speaker_id00577_real_005.wav,FakeAVCeleb_CelebDF,human,train,5.12,16000
Speaker_id00577,id00577,real,Speaker_id00577_real_006.wav,FakeAVCeleb_CelebDF,human,train,5.12,16000
Speaker_id00577,id00577,real,Speaker_id00577_real_007.wav,FakeAVCeleb_CelebDF,human,train,4.95,16000
Speaker_id00577,id00577,real,Speaker_id00577_real_011.wav,FakeAVCeleb_CelebDF,human,train,5.12,16000
Speaker_id00577,id00577,real,Speaker_id00577_real_012.wav,FakeAVCeleb_CelebDF,human,train,5.12,16000
Speaker_id00577,id00577,real,Speaker_id00577_real_014.wav,FakeAVCeleb_CelebDF,human,train,5.12,16000
Speaker_id00577,id00577,fake,Speaker_id00577_fake_001.wav,FakeAVCeleb_CelebDF,wav2lip,train,3.13,16000
Speaker_id00577,id00577,fake,Speaker_id00577_fake_002.wav,FakeAVCeleb_CelebDF,wav2lip,train,4.8,16000
Speaker_id00577,id00577,fake,Speaker_id00577_fake_003.wav,FakeAVCeleb_CelebDF,wav2lip,train,3.11,16000
Speaker_id00577,id00577,fake,Speaker_id00577_fake_004.wav,FakeAVCeleb_CelebDF,wav2lip,train,5.12,16000
Speaker_id00577,id00577,fake,Speaker_id00577_fake_005.wav,FakeAVCeleb_CelebDF,faceswap-wav2lip,train,4.81,16000
Speaker_id00577,id00577,fake,Speaker_id00577_fake_006.wav,FakeAVCeleb_CelebDF,wav2lip,train,3.76,16000
Speaker_id00577,id00577,fake,Speaker_id00577_fake_007.wav,FakeAVCeleb_CelebDF,wav2lip,train,5.12,16000
Speaker_id00577,id00577,fake,Speaker_id00577_fake_008.wav,FakeAVCeleb_CelebDF,faceswap-wav2lip,train,4.92,16000
Speaker_id00577,id00577,fake,Speaker_id00577_fake_009.wav,FakeAVCeleb_CelebDF,wav2lip,train,3.48,16000
Speaker_id00577,id00577,fake,Speaker_id00577_fake_010.wav,FakeAVCeleb_CelebDF,fsgan-wav2lip,train,4.54,16000
Speaker_id00577,id00577,fake,Speaker_id00577_fake_013.wav,FakeAVCeleb_CelebDF,wav2lip,train,5.12,16000
Speaker_id00577,id00577,fake,Speaker_id00577_fake_014.wav,FakeAVCeleb_CelebDF,faceswap-wav2lip,train,3.11,16000
Speaker_id00577,id00577,fake,Speaker_id00577_fake_015.wav,FakeAVCeleb_CelebDF,faceswap-wav2lip,train,4.93,16000
Speaker_id01172,id01172,real,Speaker_id01172_real_001.wav,FakeAVCeleb_CelebDF,human,valid,4.03,16000
Speaker_id01172,id01172,real,Speaker_id01172_real_002.wav,FakeAVCeleb_CelebDF,human,valid,3.97,16000
Speaker_id01172,id01172,real,Speaker_id01172_real_003.wav,FakeAVCeleb_CelebDF,human,valid,4.03,16000
Speaker_id01172,id01172,real,Speaker_id01172_real_006.wav,FakeAVCeleb_CelebDF,human,valid,4.03,16000
Speaker_id01172,id01172,real,Speaker_id01172_real_008.wav,FakeAVCeleb_CelebDF,human,valid,4.03,16000
Speaker_id01172,id01172,real,Speaker_id01172_real_010.wav,FakeAVCeleb_CelebDF,human,valid,4.03,16000
Speaker_id01172,id01172,real,Speaker_id01172_real_011.wav,FakeAVCeleb_CelebDF,human,valid,4.03,16000
Speaker_id01172,id01172,real,Speaker_id01172_real_013.wav,FakeAVCeleb_CelebDF,human,valid,3.97,16000
Speaker_id01172,id01172,real,Speaker_id01172_real_014.wav,FakeAVCeleb_CelebDF,human,valid,4.03,16000
Speaker_id01172,id01172,real,Speaker_id01172_real_015.wav,FakeAVCeleb_CelebDF,human,valid,4.03,16000
Speaker_id01172,id01172,fake,Speaker_id01172_fake_001.wav,FakeAVCeleb_CelebDF,fsgan-wav2lip,valid,4.03,16000
Speaker_id01172,id01172,fake,Speaker_id01172_fake_002.wav,FakeAVCeleb_CelebDF,fsgan-wav2lip,valid,4.03,16000
Speaker_id01172,id01172,fake,Speaker_id01172_fake_003.wav,FakeAVCeleb_CelebDF,wav2lip,valid,4.03,16000
Speaker_id01172,id01172,fake,Speaker_id01172_fake_004.wav,FakeAVCeleb_CelebDF,wav2lip,valid,4.03,16000
Speaker_id01172,id01172,fake,Speaker_id01172_fake_005.wav,FakeAVCeleb_CelebDF,fsgan-wav2lip,valid,4.03,16000
Speaker_id01172,id01172,fake,Speaker_id01172_fake_006.wav,FakeAVCeleb_CelebDF,wav2lip,valid,3.65,16000
Speaker_id01172,id01172,fake,Speaker_id01172_fake_007.wav,FakeAVCeleb_CelebDF,fsgan-wav2lip,valid,4.03,16000
Speaker_id01172,id01172,fake,Speaker_id01172_fake_008.wav,FakeAVCeleb_CelebDF,wav2lip,valid,4.03,16000
Speaker_id01172,id01172,fake,Speaker_id01172_fake_009.wav,FakeAVCeleb_CelebDF,fsgan-wav2lip,valid,4.03,16000
Speaker_id01172,id01172,fake,Speaker_id01172_fake_010.wav,FakeAVCeleb_CelebDF,wav2lip,valid,3.84,16000
Speaker_id01172,id01172,fake,Speaker_id01172_fake_011.wav,FakeAVCeleb_CelebDF,faceswap-wav2lip,valid,4.03,16000
Speaker_id01172,id01172,fake,Speaker_id01172_fake_013.wav,FakeAVCeleb_CelebDF,faceswap-wav2lip,valid,4.03,16000
Speaker_id01172,id01172,fake,Speaker_id01172_fake_014.wav,FakeAVCeleb_CelebDF,faceswap-wav2lip,valid,4.03,16000
Speaker_id00548,id00548,real,Speaker_id00548_real_001.wav,FakeAVCeleb_CelebDF,human,test,4.95,16000
Speaker_id00548,id00548,real,Speaker_id00548_real_002.wav,FakeAVCeleb_CelebDF,human,test,6.34,16000
Speaker_id00548,id00548,real,Speaker_id00548_real_003.wav,FakeAVCeleb_CelebDF,human,test,6.4,16000
Speaker_id00548,id00548,real,Speaker_id00548_real_004.wav,FakeAVCeleb_CelebDF,human,test,6.4,16000
Speaker_id00548,id00548,real,Speaker_id00548_real_006.wav,FakeAVCeleb_CelebDF,human,test,6.4,16000
Speaker_id00548,id00548,real,Speaker_id00548_real_010.wav,FakeAVCeleb_CelebDF,human,test,6.34,16000
Speaker_id00548,id00548,real,Speaker_id00548_real_011.wav,FakeAVCeleb_CelebDF,human,test,6.4,16000
Speaker_id00548,id00548,real,Speaker_id00548_real_012.wav,FakeAVCeleb_CelebDF,human,test,4.76,16000
Speaker_id00548,id00548,real,Speaker_id00548_real_015.wav,FakeAVCeleb_CelebDF,human,test,4.16,16000
Speaker_id00548,id00548,fake,Speaker_id00548_fake_001.wav,FakeAVCeleb_CelebDF,fsgan-wav2lip,test,4.48,16000
Speaker_id00548,id00548,fake,Speaker_id00548_fake_002.wav,FakeAVCeleb_CelebDF,fsgan-wav2lip,test,6.4,16000
Speaker_id00548,id00548,fake,Speaker_id00548_fake_003.wav,FakeAVCeleb_CelebDF,wav2lip,test,5.57,16000
Speaker_id00548,id00548,fake,Speaker_id00548_fake_004.wav,FakeAVCeleb_CelebDF,fsgan-wav2lip,test,6.4,16000
Speaker_id00548,id00548,fake,Speaker_id00548_fake_005.wav,FakeAVCeleb_CelebDF,fsgan-wav2lip,test,6.4,16000
Speaker_id00548,id00548,fake,Speaker_id00548_fake_006.wav,FakeAVCeleb_CelebDF,faceswap-wav2lip,test,4.88,16000
Speaker_id00548,id00548,fake,Speaker_id00548_fake_007.wav,FakeAVCeleb_CelebDF,faceswap-wav2lip,test,4.67,16000
Speaker_id00548,id00548,fake,Speaker_id00548_fake_008.wav,FakeAVCeleb_CelebDF,faceswap-wav2lip,test,6.4,16000
Speaker_id00548,id00548,fake,Speaker_id00548_fake_009.wav,FakeAVCeleb_CelebDF,faceswap-wav2lip,test,2.02,16000
Speaker_id00548,id00548,fake,Speaker_id00548_fake_010.wav,FakeAVCeleb_CelebDF,faceswap-wav2lip,test,6.4,16000
Speaker_id00548,id00548,fake,Speaker_id00548_fake_011.wav,FakeAVCeleb_CelebDF,fsgan-wav2lip,test,5.18,16000
Speaker_id00548,id00548,fake,Speaker_id00548_fake_012.wav,FakeAVCeleb_CelebDF,wav2lip,test,6.34,16000
Speaker_id00548,id00548,fake,Speaker_id00548_fake_013.wav,FakeAVCeleb_CelebDF,wav2lip,test,4.54,16000
Speaker_id00548,id00548,fake,Speaker_id00548_fake_014.wav,FakeAVCeleb_CelebDF,wav2lip,test,6.4,16000
Speaker_id00548,id00548,fake,Speaker_id00548_fake_015.wav,FakeAVCeleb_CelebDF,fsgan-wav2lip,test,4.13,16000
Speaker_id06807,id06807,real,Speaker_id06807_real_001.wav,FakeAVCeleb_CelebDF,human,train,7.3,16000
Speaker_id06807,id06807,real,Speaker_id06807_real_002.wav,FakeAVCeleb_CelebDF,human,train,4.16,16000
Speaker_id06807,id06807,real,Speaker_id06807_real_003.wav,FakeAVCeleb_CelebDF,human,train,4.34,16000
Speaker_id06807,id06807,real,Speaker_id06807_real_004.wav,FakeAVCeleb_CelebDF,human,train,5.11,16000
Speaker_id06807,id06807,real,Speaker_id06807_real_005.wav,FakeAVCeleb_CelebDF,human,train,7.36,16000
Speaker_id06807,id06807,real,Speaker_id06807_real_006.wav,FakeAVCeleb_CelebDF,human,train,7.36,16000
Speaker_id06807,id06807,real,Speaker_id06807_real_007.wav,FakeAVCeleb_CelebDF,human,train,4.55,16000
Speaker_id06807,id06807,real,Speaker_id06807_real_008.wav,FakeAVCeleb_CelebDF,human,train,4.55,16000
Speaker_id06807,id06807,real,Speaker_id06807_real_009.wav,FakeAVCeleb_CelebDF,human,train,4.27,16000
Speaker_id06807,id06807,real,Speaker_id06807_real_010.wav,FakeAVCeleb_CelebDF,human,train,7.36,16000
Speaker_id06807,id06807,real,Speaker_id06807_real_011.wav,FakeAVCeleb_CelebDF,human,train,4.23,16000
Speaker_id06807,id06807,fake,Speaker_id06807_fake_001.wav,FakeAVCeleb_CelebDF,faceswap-wav2lip,train,7.36,16000
Speaker_id06807,id06807,fake,Speaker_id06807_fake_002.wav,FakeAVCeleb_CelebDF,wav2lip,train,5.27,16000
Speaker_id06807,id06807,fake,Speaker_id06807_fake_003.wav,FakeAVCeleb_CelebDF,wav2lip,train,4.57,16000
Speaker_id06807,id06807,fake,Speaker_id06807_fake_004.wav,FakeAVCeleb_CelebDF,wav2lip,train,4.39,16000
Speaker_id06807,id06807,fake,Speaker_id06807_fake_005.wav,FakeAVCeleb_CelebDF,wav2lip,train,4.92,16000
Speaker_id06807,id06807,fake,Speaker_id06807_fake_006.wav,FakeAVCeleb_CelebDF,wav2lip,train,7.36,16000
Speaker_id06807,id06807,fake,Speaker_id06807_fake_007.wav,FakeAVCeleb_CelebDF,wav2lip,train,3.13,16000
Speaker_id06807,id06807,fake,Speaker_id06807_fake_008.wav,FakeAVCeleb_CelebDF,faceswap-wav2lip,train,4.78,16000
Speaker_id06807,id06807,fake,Speaker_id06807_fake_009.wav,FakeAVCeleb_CelebDF,wav2lip,train,5.92,16000
Speaker_id06807,id06807,fake,Speaker_id06807_fake_010.wav,FakeAVCeleb_CelebDF,wav2lip,train,3.18,16000
Speaker_id06807,id06807,fake,Speaker_id06807_fake_012.wav,FakeAVCeleb_CelebDF,wav2lip,train,3.9,16000
Speaker_id01170,id01170,real,Speaker_id01170_real_001.wav,FakeAVCeleb_CelebDF,human,test,6.04,16000
Speaker_id01170,id01170,real,Speaker_id01170_real_002.wav,FakeAVCeleb_CelebDF,human,test,7.3,16000
Speaker_id01170,id01170,real,Speaker_id01170_real_003.wav,FakeAVCeleb_CelebDF,human,test,7.36,16000
Speaker_id01170,id01170,real,Speaker_id01170_real_005.wav,FakeAVCeleb_CelebDF,human,test,5.92,16000
Speaker_id01170,id01170,real,Speaker_id01170_real_006.wav,FakeAVCeleb_CelebDF,human,test,7.36,16000
Speaker_id01170,id01170,real,Speaker_id01170_real_009.wav,FakeAVCeleb_CelebDF,human,test,4.23,16000
Speaker_id01170,id01170,real,Speaker_id01170_real_012.wav,FakeAVCeleb_CelebDF,human,test,6.5,16000
Speaker_id01170,id01170,real,Speaker_id01170_real_013.wav,FakeAVCeleb_CelebDF,human,test,7.36,16000
Speaker_id01170,id01170,real,Speaker_id01170_real_015.wav,FakeAVCeleb_CelebDF,human,test,7.3,16000
Speaker_id01170,id01170,fake,Speaker_id01170_fake_001.wav,FakeAVCeleb_CelebDF,wav2lip,test,5.02,16000
Speaker_id01170,id01170,fake,Speaker_id01170_fake_002.wav,FakeAVCeleb_CelebDF,fsgan-wav2lip,test,4.18,16000
Speaker_id01170,id01170,fake,Speaker_id01170_fake_003.wav,FakeAVCeleb_CelebDF,wav2lip,test,5.18,16000
Speaker_id01170,id01170,fake,Speaker_id01170_fake_004.wav,FakeAVCeleb_CelebDF,fsgan-wav2lip,test,5.95,16000
Speaker_id01170,id01170,fake,Speaker_id01170_fake_005.wav,FakeAVCeleb_CelebDF,wav2lip,test,3.02,16000
Speaker_id01170,id01170,fake,Speaker_id01170_fake_007.wav,FakeAVCeleb_CelebDF,fsgan-wav2lip,test,4.69,16000
Speaker_id01170,id01170,fake,Speaker_id01170_fake_008.wav,FakeAVCeleb_CelebDF,fsgan-wav2lip,test,7.36,16000
Speaker_id01170,id01170,fake,Speaker_id01170_fake_009.wav,FakeAVCeleb_CelebDF,wav2lip,test,5.5,16000
Speaker_id01170,id01170,fake,Speaker_id01170_fake_010.wav,FakeAVCeleb_CelebDF,wav2lip,test,3.37,16000
Speaker_id01170,id01170,fake,Speaker_id01170_fake_011.wav,FakeAVCeleb_CelebDF,wav2lip,test,3.9,16000
Speaker_id01170,id01170,fake,Speaker_id01170_fake_013.wav,FakeAVCeleb_CelebDF,fsgan-wav2lip,test,3.95,16000
Speaker_id01170,id01170,fake,Speaker_id01170_fake_014.wav,FakeAVCeleb_CelebDF,wav2lip,test,7.36,16000
Speaker_id01170,id01170,fake,Speaker_id01170_fake_015.wav,FakeAVCeleb_CelebDF,wav2lip,test,5.22,16000
Speaker_id01211,id01211,real,Speaker_id01211_real_001.wav,FakeAVCeleb_CelebDF,human,train,4.74,16000
Speaker_id01211,id01211,real,Speaker_id01211_real_002.wav,FakeAVCeleb_CelebDF,human,train,5.57,16000
Speaker_id01211,id01211,real,Speaker_id01211_real_007.wav,FakeAVCeleb_CelebDF,human,train,5.39,16000
Speaker_id01211,id01211,real,Speaker_id01211_real_009.wav,FakeAVCeleb_CelebDF,human,train,5.63,16000
Speaker_id01211,id01211,real,Speaker_id01211_real_011.wav,FakeAVCeleb_CelebDF,human,train,5.63,16000
Speaker_id01211,id01211,real,Speaker_id01211_real_012.wav,FakeAVCeleb_CelebDF,human,train,4.55,16000
Speaker_id01211,id01211,real,Speaker_id01211_real_013.wav,FakeAVCeleb_CelebDF,human,train,5.63,16000
Speaker_id01211,id01211,real,Speaker_id01211_real_014.wav,FakeAVCeleb_CelebDF,human,train,4.99,16000
Speaker_id01211,id01211,real,Speaker_id01211_real_015.wav,FakeAVCeleb_CelebDF,human,train,5.2,16000
Speaker_id01211,id01211,fake,Speaker_id01211_fake_001.wav,FakeAVCeleb_CelebDF,fsgan-wav2lip,train,5.63,16000
Speaker_id01211,id01211,fake,Speaker_id01211_fake_002.wav,FakeAVCeleb_CelebDF,wav2lip,train,4.06,16000
Speaker_id01211,id01211,fake,Speaker_id01211_fake_003.wav,FakeAVCeleb_CelebDF,wav2lip,train,5.38,16000
Speaker_id01211,id01211,fake,Speaker_id01211_fake_004.wav,FakeAVCeleb_CelebDF,fsgan-wav2lip,train,5.63,16000
Speaker_id01211,id01211,fake,Speaker_id01211_fake_005.wav,FakeAVCeleb_CelebDF,fsgan-wav2lip,train,3.62,16000
Speaker_id01211,id01211,fake,Speaker_id01211_fake_006.wav,FakeAVCeleb_CelebDF,fsgan-wav2lip,train,3.25,16000
Speaker_id01211,id01211,fake,Speaker_id01211_fake_007.wav,FakeAVCeleb_CelebDF,fsgan-wav2lip,train,4.34,16000
Speaker_id01211,id01211,fake,Speaker_id01211_fake_008.wav,FakeAVCeleb_CelebDF,wav2lip,train,3.65,16000
Speaker_id01211,id01211,fake,Speaker_id01211_fake_009.wav,FakeAVCeleb_CelebDF,wav2lip,train,5.2,16000
Speaker_id01211,id01211,fake,Speaker_id01211_fake_010.wav,FakeAVCeleb_CelebDF,wav2lip,train,4.37,16000
Speaker_id01211,id01211,fake,Speaker_id01211_fake_012.wav,FakeAVCeleb_CelebDF,fsgan-wav2lip,train,5.63,16000
Speaker_id01211,id01211,fake,Speaker_id01211_fake_013.wav,FakeAVCeleb_CelebDF,wav2lip,train,3.53,16000
Speaker_id01211,id01211,fake,Speaker_id01211_fake_014.wav,FakeAVCeleb_CelebDF,wav2lip,train,4.99,16000
Speaker_id01211,id01211,fake,Speaker_id01211_fake_015.wav,FakeAVCeleb_CelebDF,wav2lip,train,3.83,16000
Speaker_id03559,id03559,real,Speaker_id03559_real_001.wav,FakeAVCeleb_CelebDF,human,train,5.39,16000
Speaker_id03559,id03559,real,Speaker_id03559_real_002.wav,FakeAVCeleb_CelebDF,human,train,7.15,16000
Speaker_id03559,id03559,real,Speaker_id03559_real_003.wav,FakeAVCeleb_CelebDF,human,train,9.73,16000
Speaker_id03559,id03559,real,Speaker_id03559_real_005.wav,FakeAVCeleb_CelebDF,human,train,4.06,16000
Speaker_id03559,id03559,real,Speaker_id03559_real_006.wav,FakeAVCeleb_CelebDF,human,train,5.2,16000
Speaker_id03559,id03559,real,Speaker_id03559_real_007.wav,FakeAVCeleb_CelebDF,human,train,5.78,16000
Speaker_id03559,id03559,real,Speaker_id03559_real_008.wav,FakeAVCeleb_CelebDF,human,train,6.94,16000
Speaker_id03559,id03559,real,Speaker_id03559_real_010.wav,FakeAVCeleb_CelebDF,human,train,5.04,16000
Speaker_id03559,id03559,real,Speaker_id03559_real_013.wav,FakeAVCeleb_CelebDF,human,train,9.73,16000
Speaker_id03559,id03559,fake,Speaker_id03559_fake_001.wav,FakeAVCeleb_CelebDF,wav2lip,train,5.13,16000
Speaker_id03559,id03559,fake,Speaker_id03559_fake_002.wav,FakeAVCeleb_CelebDF,fsgan-wav2lip,train,4.2,16000
Speaker_id03559,id03559,fake,Speaker_id03559_fake_003.wav,FakeAVCeleb_CelebDF,wav2lip,train,4.99,16000
Speaker_id03559,id03559,fake,Speaker_id03559_fake_004.wav,FakeAVCeleb_CelebDF,fsgan-wav2lip,train,6.41,16000
Speaker_id03559,id03559,fake,Speaker_id03559_fake_005.wav,FakeAVCeleb_CelebDF,wav2lip,train,3.83,16000
Speaker_id03559,id03559,fake,Speaker_id03559_fake_006.wav,FakeAVCeleb_CelebDF,wav2lip,train,5.74,16000
Speaker_id03559,id03559,fake,Speaker_id03559_fake_007.wav,FakeAVCeleb_CelebDF,wav2lip,train,2.95,16000
Speaker_id03559,id03559,fake,Speaker_id03559_fake_008.wav,FakeAVCeleb_CelebDF,fsgan-wav2lip,train,4.76,16000
Speaker_id03559,id03559,fake,Speaker_id03559_fake_009.wav,FakeAVCeleb_CelebDF,fsgan-wav2lip,train,3.34,16000
Speaker_id03559,id03559,fake,Speaker_id03559_fake_010.wav,FakeAVCeleb_CelebDF,wav2lip,train,5.43,16000
Speaker_id03559,id03559,fake,Speaker_id03559_fake_013.wav,FakeAVCeleb_CelebDF,faceswap-wav2lip,train,3.58,16000
Speaker_id03559,id03559,fake,Speaker_id03559_fake_014.wav,FakeAVCeleb_CelebDF,faceswap-wav2lip,train,3.85,16000
Speaker_id03559,id03559,fake,Speaker_id03559_fake_015.wav,FakeAVCeleb_CelebDF,faceswap-wav2lip,train,3.58,16000
Speaker_id09116,id09116,real,Speaker_id09116_real_001.wav,FakeAVCeleb_CelebDF,human,train,4.54,16000
Speaker_id09116,id09116,real,Speaker_id09116_real_002.wav,FakeAVCeleb_CelebDF,human,train,4.54,16000
Speaker_id09116,id09116,real,Speaker_id09116_real_003.wav,FakeAVCeleb_CelebDF,human,train,4.61,16000
Speaker_id09116,id09116,real,Speaker_id09116_real_004.wav,FakeAVCeleb_CelebDF,human,train,4.61,16000
Speaker_id09116,id09116,real,Speaker_id09116_real_006.wav,FakeAVCeleb_CelebDF,human,train,4.61,16000
Speaker_id09116,id09116,real,Speaker_id09116_real_007.wav,FakeAVCeleb_CelebDF,human,train,4.61,16000
Speaker_id09116,id09116,real,Speaker_id09116_real_009.wav,FakeAVCeleb_CelebDF,human,train,4.61,16000
Speaker_id09116,id09116,real,Speaker_id09116_real_011.wav,FakeAVCeleb_CelebDF,human,train,4.61,16000
Speaker_id09116,id09116,real,Speaker_id09116_real_014.wav,FakeAVCeleb_CelebDF,human,train,4.61,16000
Speaker_id09116,id09116,fake,Speaker_id09116_fake_001.wav,FakeAVCeleb_CelebDF,wav2lip,train,4.03,16000
Speaker_id09116,id09116,fake,Speaker_id09116_fake_002.wav,FakeAVCeleb_CelebDF,faceswap-wav2lip,train,3.97,16000
Speaker_id09116,id09116,fake,Speaker_id09116_fake_003.wav,FakeAVCeleb_CelebDF,faceswap-wav2lip,train,4.61,16000
Speaker_id09116,id09116,fake,Speaker_id09116_fake_004.wav,FakeAVCeleb_CelebDF,faceswap-wav2lip,train,4.61,16000
Speaker_id09116,id09116,fake,Speaker_id09116_fake_005.wav,FakeAVCeleb_CelebDF,faceswap-wav2lip,train,4.61,16000
Speaker_id09116,id09116,fake,Speaker_id09116_fake_006.wav,FakeAVCeleb_CelebDF,faceswap-wav2lip,train,3.84,16000
Speaker_id09116,id09116,fake,Speaker_id09116_fake_007.wav,FakeAVCeleb_CelebDF,wav2lip,train,4.61,16000
Speaker_id09116,id09116,fake,Speaker_id09116_fake_008.wav,FakeAVCeleb_CelebDF,wav2lip,train,1.92,16000
Speaker_id09116,id09116,fake,Speaker_id09116_fake_009.wav,FakeAVCeleb_CelebDF,fsgan-wav2lip,train,4.61,16000
Speaker_id09116,id09116,fake,Speaker_id09116_fake_010.wav,FakeAVCeleb_CelebDF,wav2lip,train,4.35,16000
Speaker_id09116,id09116,fake,Speaker_id09116_fake_011.wav,FakeAVCeleb_CelebDF,wav2lip,train,4.2,16000
Speaker_id09116,id09116,fake,Speaker_id09116_fake_012.wav,FakeAVCeleb_CelebDF,wav2lip,train,4.61,16000
Speaker_id09116,id09116,fake,Speaker_id09116_fake_014.wav,FakeAVCeleb_CelebDF,fsgan-wav2lip,train,4.42,16000
Speaker_id07689,id07689,real,Speaker_id07689_real_001.wav,FakeAVCeleb_CelebDF,human,valid,13.12,16000
Speaker_id07689,id07689,real,Speaker_id07689_real_002.wav,FakeAVCeleb_CelebDF,human,valid,4.22,16000
Speaker_id07689,id07689,real,Speaker_id07689_real_003.wav,FakeAVCeleb_CelebDF,human,valid,11.46,16000
Speaker_id07689,id07689,real,Speaker_id07689_real_004.wav,FakeAVCeleb_CelebDF,human,valid,6.15,16000
Speaker_id07689,id07689,real,Speaker_id07689_real_005.wav,FakeAVCeleb_CelebDF,human,valid,6.21,16000
Speaker_id07689,id07689,real,Speaker_id07689_real_006.wav,FakeAVCeleb_CelebDF,human,valid,4.67,16000
Speaker_id07689,id07689,real,Speaker_id07689_real_007.wav,FakeAVCeleb_CelebDF,human,valid,6.14,16000
Speaker_id07689,id07689,real,Speaker_id07689_real_008.wav,FakeAVCeleb_CelebDF,human,valid,6.14,16000
Speaker_id07689,id07689,real,Speaker_id07689_real_009.wav,FakeAVCeleb_CelebDF,human,valid,4.11,16000
Speaker_id07689,id07689,real,Speaker_id07689_real_013.wav,FakeAVCeleb_CelebDF,human,valid,4.5,16000
Speaker_id07689,id07689,fake,Speaker_id07689_fake_001.wav,FakeAVCeleb_CelebDF,faceswap-wav2lip,valid,3.44,16000
Speaker_id07689,id07689,fake,Speaker_id07689_fake_002.wav,FakeAVCeleb_CelebDF,faceswap-wav2lip,valid,3.58,16000
Speaker_id07689,id07689,fake,Speaker_id07689_fake_003.wav,FakeAVCeleb_CelebDF,faceswap-wav2lip,valid,8.45,16000
Speaker_id07689,id07689,fake,Speaker_id07689_fake_004.wav,FakeAVCeleb_CelebDF,faceswap-wav2lip,valid,3.76,16000
Speaker_id07689,id07689,fake,Speaker_id07689_fake_005.wav,FakeAVCeleb_CelebDF,faceswap-wav2lip,valid,4.92,16000
Speaker_id07689,id07689,fake,Speaker_id07689_fake_006.wav,FakeAVCeleb_CelebDF,faceswap-wav2lip,valid,4.29,16000
Speaker_id07689,id07689,fake,Speaker_id07689_fake_007.wav,FakeAVCeleb_CelebDF,faceswap-wav2lip,valid,4.29,16000
Speaker_id07689,id07689,fake,Speaker_id07689_fake_008.wav,FakeAVCeleb_CelebDF,faceswap-wav2lip,valid,3.78,16000
Speaker_id07689,id07689,fake,Speaker_id07689_fake_009.wav,FakeAVCeleb_CelebDF,faceswap-wav2lip,valid,4.29,16000
Speaker_id07689,id07689,fake,Speaker_id07689_fake_010.wav,FakeAVCeleb_CelebDF,faceswap-wav2lip,valid,4.29,16000
Speaker_id07689,id07689,fake,Speaker_id07689_fake_012.wav,FakeAVCeleb_CelebDF,faceswap-wav2lip,valid,4.6,16000
Speaker_id07689,id07689,fake,Speaker_id07689_fake_015.wav,FakeAVCeleb_CelebDF,faceswap-wav2lip,valid,3.9,16000
Speaker_id01201,id01201,real,Speaker_id01201_real_001.wav,FakeAVCeleb_CelebDF,human,train,8.58,16000
Speaker_id01201,id01201,real,Speaker_id01201_real_002.wav,FakeAVCeleb_CelebDF,human,train,8.58,16000
Speaker_id01201,id01201,real,Speaker_id01201_real_003.wav,FakeAVCeleb_CelebDF,human,train,8.64,16000
Speaker_id01201,id01201,real,Speaker_id01201_real_005.wav,FakeAVCeleb_CelebDF,human,train,6.11,16000
Speaker_id01201,id01201,real,Speaker_id01201_real_009.wav,FakeAVCeleb_CelebDF,human,train,5.76,16000
Speaker_id01201,id01201,real,Speaker_id01201_real_010.wav,FakeAVCeleb_CelebDF,human,train,4.83,16000
Speaker_id01201,id01201,real,Speaker_id01201_real_012.wav,FakeAVCeleb_CelebDF,human,train,8.64,16000
Speaker_id01201,id01201,real,Speaker_id01201_real_013.wav,FakeAVCeleb_CelebDF,human,train,7.2,16000
Speaker_id01201,id01201,fake,Speaker_id01201_fake_001.wav,FakeAVCeleb_CelebDF,faceswap-wav2lip,train,4.04,16000
Speaker_id01201,id01201,fake,Speaker_id01201_fake_002.wav,FakeAVCeleb_CelebDF,faceswap-wav2lip,train,3.02,16000
Speaker_id01201,id01201,fake,Speaker_id01201_fake_004.wav,FakeAVCeleb_CelebDF,faceswap-wav2lip,train,3.95,16000
Speaker_id01201,id01201,fake,Speaker_id01201_fake_005.wav,FakeAVCeleb_CelebDF,faceswap-wav2lip,train,6.36,16000
Speaker_id01201,id01201,fake,Speaker_id01201_fake_006.wav,FakeAVCeleb_CelebDF,fsgan-wav2lip,train,8.64,16000
Speaker_id01201,id01201,fake,Speaker_id01201_fake_007.wav,FakeAVCeleb_CelebDF,wav2lip,train,8.64,16000
Speaker_id01201,id01201,fake,Speaker_id01201_fake_009.wav,FakeAVCeleb_CelebDF,fsgan-wav2lip,train,8.64,16000
Speaker_id01201,id01201,fake,Speaker_id01201_fake_012.wav,FakeAVCeleb_CelebDF,fsgan-wav2lip,train,4.25,16000
Speaker_id01201,id01201,fake,Speaker_id01201_fake_014.wav,FakeAVCeleb_CelebDF,wav2lip,train,4.69,16000
Speaker_id01004,id01004,real,Speaker_id01004_real_001.wav,FakeAVCeleb_CelebDF,human,train,4.29,16000
Speaker_id01004,id01004,real,Speaker_id01004_real_002.wav,FakeAVCeleb_CelebDF,human,train,4.32,16000
Speaker_id01004,id01004,real,Speaker_id01004_real_005.wav,FakeAVCeleb_CelebDF,human,train,4.35,16000
Speaker_id01004,id01004,real,Speaker_id01004_real_006.wav,FakeAVCeleb_CelebDF,human,train,4.35,16000
Speaker_id01004,id01004,real,Speaker_id01004_real_007.wav,FakeAVCeleb_CelebDF,human,train,4.35,16000
Speaker_id01004,id01004,real,Speaker_id01004_real_009.wav,FakeAVCeleb_CelebDF,human,train,4.29,16000
Speaker_id01004,id01004,real,Speaker_id01004_real_011.wav,FakeAVCeleb_CelebDF,human,train,4.35,16000
Speaker_id01004,id01004,real,Speaker_id01004_real_012.wav,FakeAVCeleb_CelebDF,human,train,4.35,16000
Speaker_id01004,id01004,real,Speaker_id01004_real_013.wav,FakeAVCeleb_CelebDF,human,train,4.35,16000
Speaker_id01004,id01004,fake,Speaker_id01004_fake_001.wav,FakeAVCeleb_CelebDF,fsgan-wav2lip,train,4.35,16000
Speaker_id01004,id01004,fake,Speaker_id01004_fake_002.wav,FakeAVCeleb_CelebDF,fsgan-wav2lip,train,4.35,16000
Speaker_id01004,id01004,fake,Speaker_id01004_fake_003.wav,FakeAVCeleb_CelebDF,wav2lip,train,3.78,16000
Speaker_id01004,id01004,fake,Speaker_id01004_fake_004.wav,FakeAVCeleb_CelebDF,fsgan-wav2lip,train,4.35,16000
Speaker_id01004,id01004,fake,Speaker_id01004_fake_005.wav,FakeAVCeleb_CelebDF,faceswap-wav2lip,train,4.35,16000
Speaker_id01004,id01004,fake,Speaker_id01004_fake_006.wav,FakeAVCeleb_CelebDF,faceswap-wav2lip,train,3.39,16000
Speaker_id01004,id01004,fake,Speaker_id01004_fake_007.wav,FakeAVCeleb_CelebDF,faceswap-wav2lip,train,4.16,16000
Speaker_id01004,id01004,fake,Speaker_id01004_fake_008.wav,FakeAVCeleb_CelebDF,faceswap-wav2lip,train,2.3,16000
Speaker_id01004,id01004,fake,Speaker_id01004_fake_009.wav,FakeAVCeleb_CelebDF,fsgan-wav2lip,train,4.35,16000
Speaker_id01004,id01004,fake,Speaker_id01004_fake_010.wav,FakeAVCeleb_CelebDF,wav2lip,train,4.35,16000
Speaker_id01004,id01004,fake,Speaker_id01004_fake_012.wav,FakeAVCeleb_CelebDF,wav2lip,train,4.35,16000
Speaker_id01004,id01004,fake,Speaker_id01004_fake_013.wav,FakeAVCeleb_CelebDF,wav2lip,train,3.62,16000
Speaker_id01004,id01004,fake,Speaker_id01004_fake_014.wav,FakeAVCeleb_CelebDF,wav2lip,train,4.35,16000
Speaker_id01004,id01004,fake,Speaker_id01004_fake_015.wav,FakeAVCeleb_CelebDF,wav2lip,train,4.35,16000
Speaker_id00262,id00262,real,Speaker_id00262_real_001.wav,FakeAVCeleb_CelebDF,human,valid,6.53,16000
Speaker_id00262,id00262,real,Speaker_id00262_real_002.wav,FakeAVCeleb_CelebDF,human,valid,6.59,16000
Speaker_id00262,id00262,real,Speaker_id00262_real_003.wav,FakeAVCeleb_CelebDF,human,valid,12.86,16000
Speaker_id00262,id00262,real,Speaker_id00262_real_005.wav,FakeAVCeleb_CelebDF,human,valid,6.22,16000
Speaker_id00262,id00262,real,Speaker_id00262_real_006.wav,FakeAVCeleb_CelebDF,human,valid,4.16,16000
Speaker_id00262,id00262,real,Speaker_id00262_real_008.wav,FakeAVCeleb_CelebDF,human,valid,12.86,16000
Speaker_id00262,id00262,real,Speaker_id00262_real_010.wav,FakeAVCeleb_CelebDF,human,valid,10.54,16000
Speaker_id00262,id00262,real,Speaker_id00262_real_014.wav,FakeAVCeleb_CelebDF,human,valid,9.98,16000
Speaker_id00262,id00262,fake,Speaker_id00262_fake_001.wav,FakeAVCeleb_CelebDF,fsgan-wav2lip,valid,4.5,16000
Speaker_id00262,id00262,fake,Speaker_id00262_fake_003.wav,FakeAVCeleb_CelebDF,fsgan-wav2lip,valid,2.32,16000
Speaker_id00262,id00262,fake,Speaker_id00262_fake_004.wav,FakeAVCeleb_CelebDF,faceswap-wav2lip,valid,4.27,16000
Speaker_id00262,id00262,fake,Speaker_id00262_fake_005.wav,FakeAVCeleb_CelebDF,faceswap-wav2lip,valid,4.37,16000
Speaker_id00262,id00262,fake,Speaker_id00262_fake_006.wav,FakeAVCeleb_CelebDF,faceswap-wav2lip,valid,10.56,16000
Speaker_id00262,id00262,fake,Speaker_id00262_fake_007.wav,FakeAVCeleb_CelebDF,faceswap-wav2lip,valid,5.11,16000
Speaker_id00262,id00262,fake,Speaker_id00262_fake_008.wav,FakeAVCeleb_CelebDF,faceswap-wav2lip,valid,4.27,16000
Speaker_id00262,id00262,fake,Speaker_id00262_fake_009.wav,FakeAVCeleb_CelebDF,wav2lip,valid,4.62,16000
Speaker_id00262,id00262,fake,Speaker_id00262_fake_011.wav,FakeAVCeleb_CelebDF,fsgan-wav2lip,valid,8.24,16000
Speaker_id00262,id00262,fake,Speaker_id00262_fake_012.wav,FakeAVCeleb_CelebDF,wav2lip,valid,3.32,16000
Speaker_id00262,id00262,fake,Speaker_id00262_fake_013.wav,FakeAVCeleb_CelebDF,fsgan-wav2lip,valid,2.97,16000
Speaker_id00262,id00262,fake,Speaker_id00262_fake_014.wav,FakeAVCeleb_CelebDF,fsgan-wav2lip,valid,4.09,16000
Speaker_id00262,id00262,fake,Speaker_id00262_fake_015.wav,FakeAVCeleb_CelebDF,wav2lip,valid,9.94,16000
Speaker_id02807,id02807,real,Speaker_id02807_real_001.wav,FakeAVCeleb_CelebDF,human,train,6.02,16000
Speaker_id02807,id02807,real,Speaker_id02807_real_003.wav,FakeAVCeleb_CelebDF,human,train,6.08,16000
Speaker_id02807,id02807,real,Speaker_id02807_real_004.wav,FakeAVCeleb_CelebDF,human,train,6.08,16000
Speaker_id02807,id02807,real,Speaker_id02807_real_006.wav,FakeAVCeleb_CelebDF,human,train,6.08,16000
Speaker_id02807,id02807,real,Speaker_id02807_real_010.wav,FakeAVCeleb_CelebDF,human,train,5.15,16000
Speaker_id02807,id02807,real,Speaker_id02807_real_013.wav,FakeAVCeleb_CelebDF,human,train,6.02,16000
Speaker_id02807,id02807,real,Speaker_id02807_real_014.wav,FakeAVCeleb_CelebDF,human,train,4.78,16000
Speaker_id02807,id02807,fake,Speaker_id02807_fake_001.wav,FakeAVCeleb_CelebDF,fsgan-wav2lip,train,6.08,16000
Speaker_id02807,id02807,fake,Speaker_id02807_fake_005.wav,FakeAVCeleb_CelebDF,fsgan-wav2lip,train,1.93,16000
Speaker_id02807,id02807,fake,Speaker_id02807_fake_006.wav,FakeAVCeleb_CelebDF,wav2lip,train,3.58,16000
Speaker_id02807,id02807,fake,Speaker_id02807_fake_007.wav,FakeAVCeleb_CelebDF,wav2lip,train,2.86,16000
Speaker_id02807,id02807,fake,Speaker_id02807_fake_008.wav,FakeAVCeleb_CelebDF,wav2lip,train,5.2,16000
Speaker_id02807,id02807,fake,Speaker_id02807_fake_009.wav,FakeAVCeleb_CelebDF,wav2lip,train,6.08,16000
Speaker_id02807,id02807,fake,Speaker_id02807_fake_011.wav,FakeAVCeleb_CelebDF,faceswap-wav2lip,train,4.55,16000
Speaker_id00735,id00735,real,Speaker_id00735_real_001.wav,FakeAVCeleb_CelebDF,human,train,5.89,16000
Speaker_id00735,id00735,real,Speaker_id00735_real_003.wav,FakeAVCeleb_CelebDF,human,train,4.83,16000
Speaker_id00735,id00735,real,Speaker_id00735_real_004.wav,FakeAVCeleb_CelebDF,human,train,5.95,16000
Speaker_id00735,id00735,real,Speaker_id00735_real_005.wav,FakeAVCeleb_CelebDF,human,train,5.95,16000
Speaker_id00735,id00735,real,Speaker_id00735_real_007.wav,FakeAVCeleb_CelebDF,human,train,5.95,16000
Speaker_id00735,id00735,real,Speaker_id00735_real_008.wav,FakeAVCeleb_CelebDF,human,train,5.95,16000
Speaker_id00735,id00735,real,Speaker_id00735_real_011.wav,FakeAVCeleb_CelebDF,human,train,5.95,16000
Speaker_id00735,id00735,real,Speaker_id00735_real_012.wav,FakeAVCeleb_CelebDF,human,train,4.83,16000
Speaker_id00735,id00735,real,Speaker_id00735_real_013.wav,FakeAVCeleb_CelebDF,human,train,5.95,16000
Speaker_id00735,id00735,real,Speaker_id00735_real_014.wav,FakeAVCeleb_CelebDF,human,train,4.6,16000
Speaker_id00735,id00735,fake,Speaker_id00735_fake_001.wav,FakeAVCeleb_CelebDF,fsgan-wav2lip,train,5.95,16000
Speaker_id00735,id00735,fake,Speaker_id00735_fake_005.wav,FakeAVCeleb_CelebDF,wav2lip,train,5.31,16000
Speaker_id00735,id00735,fake,Speaker_id00735_fake_010.wav,FakeAVCeleb_CelebDF,wav2lip,train,5.95,16000
Speaker_id00735,id00735,fake,Speaker_id00735_fake_011.wav,FakeAVCeleb_CelebDF,wav2lip,train,5.57,16000
Speaker_id00735,id00735,fake,Speaker_id00735_fake_012.wav,FakeAVCeleb_CelebDF,wav2lip,train,3.06,16000
Speaker_id00735,id00735,fake,Speaker_id00735_fake_014.wav,FakeAVCeleb_CelebDF,wav2lip,train,4.16,16000
Speaker_id00773,id00773,real,Speaker_id00773_real_001.wav,FakeAVCeleb_CelebDF,human,train,3.97,16000
Speaker_id00773,id00773,real,Speaker_id00773_real_002.wav,FakeAVCeleb_CelebDF,human,train,4.67,16000
Speaker_id00773,id00773,real,Speaker_id00773_real_003.wav,FakeAVCeleb_CelebDF,human,train,4.99,16000
Speaker_id00773,id00773,real,Speaker_id00773_real_006.wav,FakeAVCeleb_CelebDF,human,train,5.06,16000
Speaker_id00773,id00773,real,Speaker_id00773_real_007.wav,FakeAVCeleb_CelebDF,human,train,4.88,16000
Speaker_id00773,id00773,real,Speaker_id00773_real_010.wav,FakeAVCeleb_CelebDF,human,train,4.16,16000
Speaker_id00773,id00773,real,Speaker_id00773_real_011.wav,FakeAVCeleb_CelebDF,human,train,5.06,16000
Speaker_id00773,id00773,real,Speaker_id00773_real_013.wav,FakeAVCeleb_CelebDF,human,train,5.06,16000
Speaker_id00773,id00773,real,Speaker_id00773_real_015.wav,FakeAVCeleb_CelebDF,human,train,4.99,16000
Speaker_id00773,id00773,fake,Speaker_id00773_fake_001.wav,FakeAVCeleb_CelebDF,fsgan-wav2lip,train,5.06,16000
Speaker_id00773,id00773,fake,Speaker_id00773_fake_002.wav,FakeAVCeleb_CelebDF,wav2lip,train,5.06,16000
Speaker_id00773,id00773,fake,Speaker_id00773_fake_003.wav,FakeAVCeleb_CelebDF,fsgan-wav2lip,train,4.3,16000
Speaker_id00773,id00773,fake,Speaker_id00773_fake_004.wav,FakeAVCeleb_CelebDF,fsgan-wav2lip,train,5.06,16000
Speaker_id00773,id00773,fake,Speaker_id00773_fake_006.wav,FakeAVCeleb_CelebDF,wav2lip,train,5.06,16000
Speaker_id00773,id00773,fake,Speaker_id00773_fake_007.wav,FakeAVCeleb_CelebDF,fsgan-wav2lip,train,3.69,16000
Speaker_id00773,id00773,fake,Speaker_id00773_fake_008.wav,FakeAVCeleb_CelebDF,wav2lip,train,2.65,16000
Speaker_id00773,id00773,fake,Speaker_id00773_fake_009.wav,FakeAVCeleb_CelebDF,wav2lip,train,4.61,16000
Speaker_id00773,id00773,fake,Speaker_id00773_fake_010.wav,FakeAVCeleb_CelebDF,wav2lip,train,4.61,16000
Speaker_id00773,id00773,fake,Speaker_id00773_fake_011.wav,FakeAVCeleb_CelebDF,fsgan-wav2lip,train,5.06,16000
Speaker_id00773,id00773,fake,Speaker_id00773_fake_012.wav,FakeAVCeleb_CelebDF,wav2lip,train,3.97,16000
Speaker_id00773,id00773,fake,Speaker_id00773_fake_015.wav,FakeAVCeleb_CelebDF,faceswap-wav2lip,train,5.06,16000
Speaker_id00842,id00842,real,Speaker_id00842_real_001.wav,FakeAVCeleb_CelebDF,human,train,6.27,16000
Speaker_id00842,id00842,real,Speaker_id00842_real_002.wav,FakeAVCeleb_CelebDF,human,train,5.71,16000
Speaker_id00842,id00842,real,Speaker_id00842_real_003.wav,FakeAVCeleb_CelebDF,human,train,6.21,16000
Speaker_id00842,id00842,real,Speaker_id00842_real_007.wav,FakeAVCeleb_CelebDF,human,train,4.6,16000
Speaker_id00842,id00842,real,Speaker_id00842_real_008.wav,FakeAVCeleb_CelebDF,human,train,6.27,16000
Speaker_id00842,id00842,real,Speaker_id00842_real_009.wav,FakeAVCeleb_CelebDF,human,train,6.27,16000
Speaker_id00842,id00842,real,Speaker_id00842_real_010.wav,FakeAVCeleb_CelebDF,human,train,6.27,16000
Speaker_id00842,id00842,real,Speaker_id00842_real_013.wav,FakeAVCeleb_CelebDF,human,train,6.27,16000
Speaker_id00842,id00842,real,Speaker_id00842_real_015.wav,FakeAVCeleb_CelebDF,human,train,5.15,16000
Speaker_id00842,id00842,fake,Speaker_id00842_fake_001.wav,FakeAVCeleb_CelebDF,wav2lip,train,6.27,16000
Speaker_id00842,id00842,fake,Speaker_id00842_fake_002.wav,FakeAVCeleb_CelebDF,wav2lip,train,4.27,16000
Speaker_id00842,id00842,fake,Speaker_id00842_fake_003.wav,FakeAVCeleb_CelebDF,wav2lip,train,6.27,16000
Speaker_id00842,id00842,fake,Speaker_id00842_fake_004.wav,FakeAVCeleb_CelebDF,wav2lip,train,4.16,16000
Speaker_id00842,id00842,fake,Speaker_id00842_fake_005.wav,FakeAVCeleb_CelebDF,fsgan-wav2lip,train,5.9,16000
Speaker_id00842,id00842,fake,Speaker_id00842_fake_006.wav,FakeAVCeleb_CelebDF,wav2lip,train,4.76,16000
Speaker_id00842,id00842,fake,Speaker_id00842_fake_007.wav,FakeAVCeleb_CelebDF,fsgan-wav2lip,train,5.64,16000
Speaker_id00842,id00842,fake,Speaker_id00842_fake_008.wav,FakeAVCeleb_CelebDF,fsgan-wav2lip,train,2.97,16000
Speaker_id00842,id00842,fake,Speaker_id00842_fake_010.wav,FakeAVCeleb_CelebDF,wav2lip,train,4.67,16000
Speaker_id00842,id00842,fake,Speaker_id00842_fake_011.wav,FakeAVCeleb_CelebDF,fsgan-wav2lip,train,4.39,16000
Speaker_id00842,id00842,fake,Speaker_id00842_fake_012.wav,FakeAVCeleb_CelebDF,fsgan-wav2lip,train,6.21,16000
Speaker_id00842,id00842,fake,Speaker_id00842_fake_013.wav,FakeAVCeleb_CelebDF,wav2lip,train,6.27,16000
Speaker_id00842,id00842,fake,Speaker_id00842_fake_014.wav,FakeAVCeleb_CelebDF,fsgan-wav2lip,train,3.78,16000
Speaker_id00842,id00842,fake,Speaker_id00842_fake_015.wav,FakeAVCeleb_CelebDF,fsgan-wav2lip,train,6.27,16000
Speaker_id03556,id03556,real,Speaker_id03556_real_002.wav,FakeAVCeleb_CelebDF,human,train,4.71,16000
Speaker_id03556,id03556,real,Speaker_id03556_real_003.wav,FakeAVCeleb_CelebDF,human,train,12.35,16000
Speaker_id03556,id03556,real,Speaker_id03556_real_004.wav,FakeAVCeleb_CelebDF,human,train,6.27,16000
Speaker_id03556,id03556,real,Speaker_id03556_real_006.wav,FakeAVCeleb_CelebDF,human,train,4.62,16000
Speaker_id03556,id03556,real,Speaker_id03556_real_007.wav,FakeAVCeleb_CelebDF,human,train,8.59,16000
Speaker_id03556,id03556,real,Speaker_id03556_real_008.wav,FakeAVCeleb_CelebDF,human,train,4.06,16000
Speaker_id03556,id03556,real,Speaker_id03556_real_010.wav,FakeAVCeleb_CelebDF,human,train,5.71,16000
Speaker_id03556,id03556,real,Speaker_id03556_real_011.wav,FakeAVCeleb_CelebDF,human,train,6.22,16000
Speaker_id03556,id03556,real,Speaker_id03556_real_014.wav,FakeAVCeleb_CelebDF,human,train,11.84,16000
Speaker_id03556,id03556,fake,Speaker_id03556_fake_001.wav,FakeAVCeleb_CelebDF,wav2lip,train,3.97,16000
Speaker_id03556,id03556,fake,Speaker_id03556_fake_002.wav,FakeAVCeleb_CelebDF,wav2lip,train,6.27,16000
Speaker_id03556,id03556,fake,Speaker_id03556_fake_004.wav,FakeAVCeleb_CelebDF,fsgan-wav2lip,train,5.6,16000
Speaker_id03556,id03556,fake,Speaker_id03556_fake_005.wav,FakeAVCeleb_CelebDF,wav2lip,train,3.99,16000
Speaker_id03556,id03556,fake,Speaker_id03556_fake_006.wav,FakeAVCeleb_CelebDF,wav2lip,train,8.2,16000
Speaker_id03556,id03556,fake,Speaker_id03556_fake_007.wav,FakeAVCeleb_CelebDF,wav2lip,train,3.76,16000
Speaker_id03556,id03556,fake,Speaker_id03556_fake_008.wav,FakeAVCeleb_CelebDF,fsgan-wav2lip,train,6.22,16000
Speaker_id03556,id03556,fake,Speaker_id03556_fake_010.wav,FakeAVCeleb_CelebDF,fsgan-wav2lip,train,10.18,16000
Speaker_id03556,id03556,fake,Speaker_id03556_fake_011.wav,FakeAVCeleb_CelebDF,wav2lip,train,6.41,16000
Speaker_id03556,id03556,fake,Speaker_id03556_fake_013.wav,FakeAVCeleb_CelebDF,wav2lip,train,4.57,16000
Speaker_id03556,id03556,fake,Speaker_id03556_fake_014.wav,FakeAVCeleb_CelebDF,wav2lip,train,7.15,16000
Speaker_id03556,id03556,fake,Speaker_id03556_fake_015.wav,FakeAVCeleb_CelebDF,faceswap-wav2lip,train,5.62,16000
Speaker_id06428,id06428,real,Speaker_id06428_real_002.wav,FakeAVCeleb_CelebDF,human,train,5.76,16000
Speaker_id06428,id06428,real,Speaker_id06428_real_003.wav,FakeAVCeleb_CelebDF,human,train,5.7,16000
Speaker_id06428,id06428,real,Speaker_id06428_real_006.wav,FakeAVCeleb_CelebDF,human,train,4.76,16000
Speaker_id06428,id06428,real,Speaker_id06428_real_009.wav,FakeAVCeleb_CelebDF,human,train,5.76,16000
Speaker_id06428,id06428,real,Speaker_id06428_real_010.wav,FakeAVCeleb_CelebDF,human,train,5.2,16000
Speaker_id06428,id06428,real,Speaker_id06428_real_011.wav,FakeAVCeleb_CelebDF,human,train,5.76,16000
Speaker_id06428,id06428,real,Speaker_id06428_real_012.wav,FakeAVCeleb_CelebDF,human,train,4.32,16000
Speaker_id06428,id06428,real,Speaker_id06428_real_013.wav,FakeAVCeleb_CelebDF,human,train,5.76,16000
Speaker_id06428,id06428,real,Speaker_id06428_real_015.wav,FakeAVCeleb_CelebDF,human,train,5.7,16000
Speaker_id06428,id06428,fake,Speaker_id06428_fake_002.wav,FakeAVCeleb_CelebDF,wav2lip,train,5.76,16000
Speaker_id06428,id06428,fake,Speaker_id06428_fake_003.wav,FakeAVCeleb_CelebDF,wav2lip,train,5.76,16000
Speaker_id06428,id06428,fake,Speaker_id06428_fake_004.wav,FakeAVCeleb_CelebDF,fsgan-wav2lip,train,4.67,16000
Speaker_id06428,id06428,fake,Speaker_id06428_fake_005.wav,FakeAVCeleb_CelebDF,fsgan-wav2lip,train,5.76,16000
Speaker_id06428,id06428,fake,Speaker_id06428_fake_006.wav,FakeAVCeleb_CelebDF,fsgan-wav2lip,train,5.44,16000
Speaker_id06428,id06428,fake,Speaker_id06428_fake_008.wav,FakeAVCeleb_CelebDF,wav2lip,train,4.8,16000
Speaker_id06428,id06428,fake,Speaker_id06428_fake_010.wav,FakeAVCeleb_CelebDF,wav2lip,train,4.99,16000
Speaker_id06428,id06428,fake,Speaker_id06428_fake_012.wav,FakeAVCeleb_CelebDF,wav2lip,train,5.76,16000
Speaker_id06428,id06428,fake,Speaker_id06428_fake_013.wav,FakeAVCeleb_CelebDF,wav2lip,train,5.31,16000
Speaker_id06428,id06428,fake,Speaker_id06428_fake_014.wav,FakeAVCeleb_CelebDF,faceswap-wav2lip,train,3.11,16000
Speaker_id06428,id06428,fake,Speaker_id06428_fake_015.wav,FakeAVCeleb_CelebDF,faceswap-wav2lip,train,5.76,16000
Speaker_id03965,id03965,real,Speaker_id03965_real_001.wav,FakeAVCeleb_CelebDF,human,valid,5.63,16000
Speaker_id03965,id03965,real,Speaker_id03965_real_003.wav,FakeAVCeleb_CelebDF,human,valid,4.92,16000
Speaker_id03965,id03965,real,Speaker_id03965_real_004.wav,FakeAVCeleb_CelebDF,human,valid,5.7,16000
Speaker_id03965,id03965,real,Speaker_id03965_real_005.wav,FakeAVCeleb_CelebDF,human,valid,5.48,16000
Speaker_id03965,id03965,real,Speaker_id03965_real_006.wav,FakeAVCeleb_CelebDF,human,valid,5.7,16000
Speaker_id03965,id03965,real,Speaker_id03965_real_007.wav,FakeAVCeleb_CelebDF,human,valid,5.7,16000
Speaker_id03965,id03965,real,Speaker_id03965_real_009.wav,FakeAVCeleb_CelebDF,human,valid,4.71,16000
Speaker_id03965,id03965,real,Speaker_id03965_real_010.wav,FakeAVCeleb_CelebDF,human,valid,5.7,16000
Speaker_id03965,id03965,real,Speaker_id03965_real_011.wav,FakeAVCeleb_CelebDF,human,valid,4.06,16000
Speaker_id03965,id03965,fake,Speaker_id03965_fake_001.wav,FakeAVCeleb_CelebDF,wav2lip,valid,5.7,16000
Speaker_id03965,id03965,fake,Speaker_id03965_fake_002.wav,FakeAVCeleb_CelebDF,faceswap-wav2lip,valid,3.18,16000
Speaker_id03965,id03965,fake,Speaker_id03965_fake_003.wav,FakeAVCeleb_CelebDF,wav2lip,valid,5.7,16000
Speaker_id03965,id03965,fake,Speaker_id03965_fake_004.wav,FakeAVCeleb_CelebDF,wav2lip,valid,5.7,16000
Speaker_id03965,id03965,fake,Speaker_id03965_fake_005.wav,FakeAVCeleb_CelebDF,faceswap-wav2lip,valid,4.93,16000
Speaker_id03965,id03965,fake,Speaker_id03965_fake_006.wav,FakeAVCeleb_CelebDF,wav2lip,valid,5.7,16000
Speaker_id03965,id03965,fake,Speaker_id03965_fake_007.wav,FakeAVCeleb_CelebDF,faceswap-wav2lip,valid,2.95,16000
Speaker_id03965,id03965,fake,Speaker_id03965_fake_008.wav,FakeAVCeleb_CelebDF,wav2lip,valid,4.18,16000
Speaker_id03965,id03965,fake,Speaker_id03965_fake_010.wav,FakeAVCeleb_CelebDF,wav2lip,valid,3.25,16000
Speaker_id03965,id03965,fake,Speaker_id03965_fake_011.wav,FakeAVCeleb_CelebDF,wav2lip,valid,5.7,16000
Speaker_id03965,id03965,fake,Speaker_id03965_fake_012.wav,FakeAVCeleb_CelebDF,wav2lip,valid,4.8,16000
Speaker_id03965,id03965,fake,Speaker_id03965_fake_013.wav,FakeAVCeleb_CelebDF,faceswap-wav2lip,valid,3.76,16000
Speaker_id03965,id03965,fake,Speaker_id03965_fake_014.wav,FakeAVCeleb_CelebDF,rtvc,valid,5.67,16000
Speaker_id00403,id00403,real,Speaker_id00403_real_002.wav,FakeAVCeleb_CelebDF,human,valid,6.66,16000
Speaker_id00403,id00403,real,Speaker_id00403_real_005.wav,FakeAVCeleb_CelebDF,human,valid,6.66,16000
Speaker_id00403,id00403,real,Speaker_id00403_real_009.wav,FakeAVCeleb_CelebDF,human,valid,6.72,16000
Speaker_id00403,id00403,real,Speaker_id00403_real_013.wav,FakeAVCeleb_CelebDF,human,valid,6.72,16000
Speaker_id00403,id00403,fake,Speaker_id00403_fake_001.wav,FakeAVCeleb_CelebDF,fsgan-wav2lip,valid,6.72,16000
Speaker_id00403,id00403,fake,Speaker_id00403_fake_002.wav,FakeAVCeleb_CelebDF,fsgan-wav2lip,valid,3.34,16000
Speaker_id00403,id00403,fake,Speaker_id00403_fake_003.wav,FakeAVCeleb_CelebDF,faceswap-wav2lip,valid,5.06,16000
Speaker_id00403,id00403,fake,Speaker_id00403_fake_004.wav,FakeAVCeleb_CelebDF,faceswap-wav2lip,valid,4.9,16000
Speaker_id00403,id00403,fake,Speaker_id00403_fake_006.wav,FakeAVCeleb_CelebDF,faceswap-wav2lip,valid,6.72,16000
Speaker_id00403,id00403,fake,Speaker_id00403_fake_007.wav,FakeAVCeleb_CelebDF,fsgan-wav2lip,valid,6.72,16000
Speaker_id00403,id00403,fake,Speaker_id00403_fake_008.wav,FakeAVCeleb_CelebDF,fsgan-wav2lip,valid,6.72,16000
Speaker_id00403,id00403,fake,Speaker_id00403_fake_010.wav,FakeAVCeleb_CelebDF,wav2lip,valid,3.88,16000
Speaker_id00403,id00403,fake,Speaker_id00403_fake_011.wav,FakeAVCeleb_CelebDF,wav2lip,valid,5.64,16000
Speaker_id00403,id00403,fake,Speaker_id00403_fake_013.wav,FakeAVCeleb_CelebDF,wav2lip,valid,5.63,16000
Speaker_id00403,id00403,fake,Speaker_id00403_fake_014.wav,FakeAVCeleb_CelebDF,fsgan-wav2lip,valid,3.27,16000
Speaker_id00391,id00391,real,Speaker_id00391_real_001.wav,FakeAVCeleb_CelebDF,human,train,12.03,16000
Speaker_id00391,id00391,real,Speaker_id00391_real_003.wav,FakeAVCeleb_CelebDF,human,train,12.03,16000
Speaker_id00391,id00391,real,Speaker_id00391_real_004.wav,FakeAVCeleb_CelebDF,human,train,11.47,16000
Speaker_id00391,id00391,real,Speaker_id00391_real_005.wav,FakeAVCeleb_CelebDF,human,train,4.67,16000
Speaker_id00391,id00391,real,Speaker_id00391_real_010.wav,FakeAVCeleb_CelebDF,human,train,4.23,16000
Speaker_id00391,id00391,real,Speaker_id00391_real_012.wav,FakeAVCeleb_CelebDF,human,train,5.71,16000
Speaker_id00391,id00391,real,Speaker_id00391_real_013.wav,FakeAVCeleb_CelebDF,human,train,5.04,16000
Speaker_id00391,id00391,real,Speaker_id00391_real_014.wav,FakeAVCeleb_CelebDF,human,train,4.6,16000
Speaker_id00391,id00391,real,Speaker_id00391_real_015.wav,FakeAVCeleb_CelebDF,human,train,8.27,16000
Speaker_id00391,id00391,fake,Speaker_id00391_fake_001.wav,FakeAVCeleb_CelebDF,fsgan-wav2lip,train,7.8,16000
Speaker_id00391,id00391,fake,Speaker_id00391_fake_003.wav,FakeAVCeleb_CelebDF,wav2lip,train,5.83,16000
Speaker_id00391,id00391,fake,Speaker_id00391_fake_004.wav,FakeAVCeleb_CelebDF,wav2lip,train,6.46,16000
Speaker_id00391,id00391,fake,Speaker_id00391_fake_005.wav,FakeAVCeleb_CelebDF,faceswap-wav2lip,train,5.18,16000
Speaker_id00391,id00391,fake,Speaker_id00391_fake_006.wav,FakeAVCeleb_CelebDF,faceswap-wav2lip,train,4.6,16000
Speaker_id00391,id00391,fake,Speaker_id00391_fake_007.wav,FakeAVCeleb_CelebDF,faceswap-wav2lip,train,4.76,16000
Speaker_id00391,id00391,fake,Speaker_id00391_fake_008.wav,FakeAVCeleb_CelebDF,faceswap-wav2lip,train,5.11,16000
Speaker_id00391,id00391,fake,Speaker_id00391_fake_012.wav,FakeAVCeleb_CelebDF,fsgan-wav2lip,train,3.97,16000
Speaker_id00391,id00391,fake,Speaker_id00391_fake_014.wav,FakeAVCeleb_CelebDF,fsgan-wav2lip,train,3.78,16000
Speaker_id00391,id00391,fake,Speaker_id00391_fake_015.wav,FakeAVCeleb_CelebDF,wav2lip,train,4.18,16000
Speaker_id02808,id02808,real,Speaker_id02808_real_001.wav,FakeAVCeleb_CelebDF,human,test,5.15,16000
Speaker_id02808,id02808,real,Speaker_id02808_real_002.wav,FakeAVCeleb_CelebDF,human,test,7.49,16000
Speaker_id02808,id02808,real,Speaker_id02808_real_004.wav,FakeAVCeleb_CelebDF,human,test,7.55,16000
Speaker_id02808,id02808,real,Speaker_id02808_real_006.wav,FakeAVCeleb_CelebDF,human,test,4.04,16000
Speaker_id02808,id02808,real,Speaker_id02808_real_008.wav,FakeAVCeleb_CelebDF,human,test,7.55,16000
Speaker_id02808,id02808,real,Speaker_id02808_real_009.wav,FakeAVCeleb_CelebDF,human,test,7.55,16000
Speaker_id02808,id02808,real,Speaker_id02808_real_011.wav,FakeAVCeleb_CelebDF,human,test,7.49,16000
Speaker_id02808,id02808,real,Speaker_id02808_real_012.wav,FakeAVCeleb_CelebDF,human,test,6.27,16000
Speaker_id02808,id02808,real,Speaker_id02808_real_014.wav,FakeAVCeleb_CelebDF,human,test,6.5,16000
Speaker_id02808,id02808,real,Speaker_id02808_real_015.wav,FakeAVCeleb_CelebDF,human,test,5.06,16000
Speaker_id02808,id02808,fake,Speaker_id02808_fake_001.wav,FakeAVCeleb_CelebDF,wav2lip,test,2.72,16000
Speaker_id02808,id02808,fake,Speaker_id02808_fake_002.wav,FakeAVCeleb_CelebDF,wav2lip,test,4.69,16000
Speaker_id02808,id02808,fake,Speaker_id02808_fake_003.wav,FakeAVCeleb_CelebDF,fsgan-wav2lip,test,5.9,16000
Speaker_id02808,id02808,fake,Speaker_id02808_fake_004.wav,FakeAVCeleb_CelebDF,wav2lip,test,4.78,16000
Speaker_id02808,id02808,fake,Speaker_id02808_fake_006.wav,FakeAVCeleb_CelebDF,wav2lip,test,7.23,16000
Speaker_id02808,id02808,fake,Speaker_id02808_fake_009.wav,FakeAVCeleb_CelebDF,fsgan-wav2lip,test,4.67,16000
Speaker_id02808,id02808,fake,Speaker_id02808_fake_011.wav,FakeAVCeleb_CelebDF,faceswap-wav2lip,test,3.65,16000
Speaker_id02808,id02808,fake,Speaker_id02808_fake_013.wav,FakeAVCeleb_CelebDF,faceswap-wav2lip,test,4.69,16000
Speaker_id02808,id02808,fake,Speaker_id02808_fake_014.wav,FakeAVCeleb_CelebDF,faceswap-wav2lip,test,4.16,16000
Speaker_id02808,id02808,fake,Speaker_id02808_fake_015.wav,FakeAVCeleb_CelebDF,fsgan-wav2lip,test,7.55,16000
Speaker_id04687,id04687,real,Speaker_id04687_real_001.wav,FakeAVCeleb_CelebDF,human,train,5.18,16000
Speaker_id04687,id04687,real,Speaker_id04687_real_004.wav,FakeAVCeleb_CelebDF,human,train,5.12,16000
Speaker_id04687,id04687,real,Speaker_id04687_real_005.wav,FakeAVCeleb_CelebDF,human,train,5.18,16000
Speaker_id04687,id04687,real,Speaker_id04687_real_008.wav,FakeAVCeleb_CelebDF,human,train,5.12,16000
Speaker_id04687,id04687,real,Speaker_id04687_real_010.wav,FakeAVCeleb_CelebDF,human,train,5.18,16000
Speaker_id04687,id04687,real,Speaker_id04687_real_012.wav,FakeAVCeleb_CelebDF,human,train,5.18,16000
Speaker_id04687,id04687,real,Speaker_id04687_real_013.wav,FakeAVCeleb_CelebDF,human,train,5.18,16000
Speaker_id04687,id04687,real,Speaker_id04687_real_015.wav,FakeAVCeleb_CelebDF,human,train,5.18,16000
Speaker_id04687,id04687,fake,Speaker_id04687_fake_001.wav,FakeAVCeleb_CelebDF,fsgan-wav2lip,train,5.18,16000
Speaker_id04687,id04687,fake,Speaker_id04687_fake_004.wav,FakeAVCeleb_CelebDF,faceswap-wav2lip,train,4.27,16000
Speaker_id04687,id04687,fake,Speaker_id04687_fake_006.wav,FakeAVCeleb_CelebDF,faceswap-wav2lip,train,5.18,16000
Speaker_id04687,id04687,fake,Speaker_id04687_fake_009.wav,FakeAVCeleb_CelebDF,fsgan-wav2lip,train,5.18,16000
Speaker_id04687,id04687,fake,Speaker_id04687_fake_010.wav,FakeAVCeleb_CelebDF,wav2lip,train,5.18,16000
Speaker_id04687,id04687,fake,Speaker_id04687_fake_011.wav,FakeAVCeleb_CelebDF,wav2lip,train,2.46,16000
Speaker_id04687,id04687,fake,Speaker_id04687_fake_014.wav,FakeAVCeleb_CelebDF,wav2lip,train,4.8,16000
Speaker_id01123,id01123,real,Speaker_id01123_real_001.wav,FakeAVCeleb_CelebDF,human,train,7.68,16000
Speaker_id01123,id01123,real,Speaker_id01123_real_002.wav,FakeAVCeleb_CelebDF,human,train,8.77,16000
Speaker_id01123,id01123,real,Speaker_id01123_real_003.wav,FakeAVCeleb_CelebDF,human,train,4.99,16000
Speaker_id01123,id01123,real,Speaker_id01123_real_005.wav,FakeAVCeleb_CelebDF,human,train,8.77,16000
Speaker_id01123,id01123,real,Speaker_id01123_real_006.wav,FakeAVCeleb_CelebDF,human,train,6.66,16000
Speaker_id01123,id01123,real,Speaker_id01123_real_009.wav,FakeAVCeleb_CelebDF,human,train,8.83,16000
Speaker_id01123,id01123,real,Speaker_id01123_real_010.wav,FakeAVCeleb_CelebDF,human,train,8.52,16000
Speaker_id01123,id01123,real,Speaker_id01123_real_011.wav,FakeAVCeleb_CelebDF,human,train,8.83,16000
Speaker_id01123,id01123,real,Speaker_id01123_real_012.wav,FakeAVCeleb_CelebDF,human,train,7.71,16000
Speaker_id01123,id01123,real,Speaker_id01123_real_014.wav,FakeAVCeleb_CelebDF,human,train,4.2,16000
Speaker_id01123,id01123,fake,Speaker_id01123_fake_001.wav,FakeAVCeleb_CelebDF,fsgan-wav2lip,train,3.11,16000
Speaker_id01123,id01123,fake,Speaker_id01123_fake_002.wav,FakeAVCeleb_CelebDF,wav2lip,train,5.99,16000
Speaker_id01123,id01123,fake,Speaker_id01123_fake_003.wav,FakeAVCeleb_CelebDF,faceswap-wav2lip,train,6.53,16000
Speaker_id01123,id01123,fake,Speaker_id01123_fake_004.wav,FakeAVCeleb_CelebDF,faceswap-wav2lip,train,3.06,16000
Speaker_id01123,id01123,fake,Speaker_id01123_fake_005.wav,FakeAVCeleb_CelebDF,faceswap-wav2lip,train,6.32,16000
Speaker_id01123,id01123,fake,Speaker_id01123_fake_007.wav,FakeAVCeleb_CelebDF,faceswap-wav2lip,train,4.81,16000
Speaker_id01123,id01123,fake,Speaker_id01123_fake_009.wav,FakeAVCeleb_CelebDF,fsgan-wav2lip,train,3.62,16000
Speaker_id01123,id01123,fake,Speaker_id01123_fake_010.wav,FakeAVCeleb_CelebDF,fsgan-wav2lip,train,5.57,16000
Speaker_id01123,id01123,fake,Speaker_id01123_fake_011.wav,FakeAVCeleb_CelebDF,fsgan-wav2lip,train,3.44,16000
Speaker_id01123,id01123,fake,Speaker_id01123_fake_012.wav,FakeAVCeleb_CelebDF,wav2lip,train,2.32,16000
Speaker_id01123,id01123,fake,Speaker_id01123_fake_013.wav,FakeAVCeleb_CelebDF,wav2lip,train,2.02,16000
Speaker_id01123,id01123,fake,Speaker_id01123_fake_015.wav,FakeAVCeleb_CelebDF,fsgan-wav2lip,train,8.83,16000
Speaker_id00559,id00559,real,Speaker_id00559_real_002.wav,FakeAVCeleb_CelebDF,human,train,5.22,16000
Speaker_id00559,id00559,real,Speaker_id00559_real_003.wav,FakeAVCeleb_CelebDF,human,train,6.27,16000
Speaker_id00559,id00559,real,Speaker_id00559_real_004.wav,FakeAVCeleb_CelebDF,human,train,8.82,16000
Speaker_id00559,id00559,real,Speaker_id00559_real_005.wav,FakeAVCeleb_CelebDF,human,train,6.83,16000
Speaker_id00559,id00559,real,Speaker_id00559_real_006.wav,FakeAVCeleb_CelebDF,human,train,9.15,16000
Speaker_id00559,id00559,real,Speaker_id00559_real_008.wav,FakeAVCeleb_CelebDF,human,train,9.15,16000
Speaker_id00559,id00559,real,Speaker_id00559_real_009.wav,FakeAVCeleb_CelebDF,human,train,9.22,16000
Speaker_id00559,id00559,real,Speaker_id00559_real_012.wav,FakeAVCeleb_CelebDF,human,train,4.06,16000
Speaker_id00559,id00559,real,Speaker_id00559_real_014.wav,FakeAVCeleb_CelebDF,human,train,6.22,16000
Speaker_id00559,id00559,fake,Speaker_id00559_fake_002.wav,FakeAVCeleb_CelebDF,wav2lip,train,6.5,16000
Speaker_id00559,id00559,fake,Speaker_id00559_fake_003.wav,FakeAVCeleb_CelebDF,wav2lip,train,6.73,16000
Speaker_id00559,id00559,fake,Speaker_id00559_fake_004.wav,FakeAVCeleb_CelebDF,wav2lip,train,9.22,16000
Speaker_id00559,id00559,fake,Speaker_id00559_fake_008.wav,FakeAVCeleb_CelebDF,faceswap-wav2lip,train,4.67,16000
Speaker_id00559,id00559,fake,Speaker_id00559_fake_009.wav,FakeAVCeleb_CelebDF,faceswap-wav2lip,train,2.76,16000
Speaker_id00559,id00559,fake,Speaker_id00559_fake_010.wav,FakeAVCeleb_CelebDF,faceswap-wav2lip,train,9.22,16000
Speaker_id00559,id00559,fake,Speaker_id00559_fake_011.wav,FakeAVCeleb_CelebDF,faceswap-wav2lip,train,4.85,16000
Speaker_id00559,id00559,fake,Speaker_id00559_fake_014.wav,FakeAVCeleb_CelebDF,fsgan-wav2lip,train,5.74,16000
Speaker_id00559,id00559,fake,Speaker_id00559_fake_015.wav,FakeAVCeleb_CelebDF,wav2lip,train,2.62,16000
Speaker_id03816,id03816,real,Speaker_id03816_real_001.wav,FakeAVCeleb_CelebDF,human,train,5.12,16000
Speaker_id03816,id03816,real,Speaker_id03816_real_002.wav,FakeAVCeleb_CelebDF,human,train,5.18,16000
Speaker_id03816,id03816,real,Speaker_id03816_real_003.wav,FakeAVCeleb_CelebDF,human,train,5.18,16000
Speaker_id03816,id03816,real,Speaker_id03816_real_006.wav,FakeAVCeleb_CelebDF,human,train,5.18,16000
Speaker_id03816,id03816,real,Speaker_id03816_real_009.wav,FakeAVCeleb_CelebDF,human,train,4.67,16000
Speaker_id03816,id03816,real,Speaker_id03816_real_013.wav,FakeAVCeleb_CelebDF,human,train,5.18,16000
Speaker_id03816,id03816,fake,Speaker_id03816_fake_001.wav,FakeAVCeleb_CelebDF,fsgan-wav2lip,train,5.18,16000
Speaker_id03816,id03816,fake,Speaker_id03816_fake_003.wav,FakeAVCeleb_CelebDF,fsgan-wav2lip,train,4.16,16000
Speaker_id03816,id03816,fake,Speaker_id03816_fake_004.wav,FakeAVCeleb_CelebDF,fsgan-wav2lip,train,4.1,16000
Speaker_id03816,id03816,fake,Speaker_id03816_fake_006.wav,FakeAVCeleb_CelebDF,fsgan-wav2lip,train,5.18,16000
Speaker_id00076,id00076,real,Speaker_id00076_real_001.wav,FakeAVCeleb_CelebDF,human,train,8.51,16000
Speaker_id00076,id00076,real,Speaker_id00076_real_002.wav,FakeAVCeleb_CelebDF,human,train,4.29,16000
Speaker_id00076,id00076,real,Speaker_id00076_real_003.wav,FakeAVCeleb_CelebDF,human,train,11.9,16000
Speaker_id00076,id00076,real,Speaker_id00076_real_004.wav,FakeAVCeleb_CelebDF,human,train,4.16,16000
Speaker_id00076,id00076,real,Speaker_id00076_real_005.wav,FakeAVCeleb_CelebDF,human,train,4.16,16000
Speaker_id00076,id00076,real,Speaker_id00076_real_006.wav,FakeAVCeleb_CelebDF,human,train,5.06,16000
Speaker_id00076,id00076,real,Speaker_id00076_real_007.wav,FakeAVCeleb_CelebDF,human,train,5.95,16000
Speaker_id00076,id00076,real,Speaker_id00076_real_008.wav,FakeAVCeleb_CelebDF,human,train,4.86,16000
Speaker_id00076,id00076,real,Speaker_id00076_real_009.wav,FakeAVCeleb_CelebDF,human,train,5.82,16000
Speaker_id00076,id00076,real,Speaker_id00076_real_010.wav,FakeAVCeleb_CelebDF,human,train,4.99,16000
Speaker_id00076,id00076,real,Speaker_id00076_real_011.wav,FakeAVCeleb_CelebDF,human,train,3.97,16000
Speaker_id00076,id00076,real,Speaker_id00076_real_012.wav,FakeAVCeleb_CelebDF,human,train,6.48,16000
Speaker_id00076,id00076,real,Speaker_id00076_real_013.wav,FakeAVCeleb_CelebDF,human,train,10.05,16000
Speaker_id00076,id00076,real,Speaker_id00076_real_015.wav,FakeAVCeleb_CelebDF,human,train,9.08,16000
Speaker_id00076,id00076,fake,Speaker_id00076_fake_001.wav,FakeAVCeleb_CelebDF,faceswap-wav2lip,train,4.35,16000
Speaker_id00076,id00076,fake,Speaker_id00076_fake_003.wav,FakeAVCeleb_CelebDF,faceswap-wav2lip,train,4.35,16000
Speaker_id00076,id00076,fake,Speaker_id00076_fake_004.wav,FakeAVCeleb_CelebDF,faceswap-wav2lip,train,4.35,16000
Speaker_id00076,id00076,fake,Speaker_id00076_fake_005.wav,FakeAVCeleb_CelebDF,faceswap-wav2lip,train,4.35,16000
Speaker_id00076,id00076,fake,Speaker_id00076_fake_006.wav,FakeAVCeleb_CelebDF,faceswap-wav2lip,train,4.22,16000
Speaker_id00076,id00076,fake,Speaker_id00076_fake_007.wav,FakeAVCeleb_CelebDF,faceswap-wav2lip,train,4.22,16000
Speaker_id00076,id00076,fake,Speaker_id00076_fake_008.wav,FakeAVCeleb_CelebDF,faceswap-wav2lip,train,4.22,16000
Speaker_id00076,id00076,fake,Speaker_id00076_fake_010.wav,FakeAVCeleb_CelebDF,faceswap-wav2lip,train,4.22,16000
Speaker_id00076,id00076,fake,Speaker_id00076_fake_011.wav,FakeAVCeleb_CelebDF,faceswap-wav2lip,train,4.22,16000
Speaker_id00076,id00076,fake,Speaker_id00076_fake_012.wav,FakeAVCeleb_CelebDF,faceswap-wav2lip,train,4.22,16000
Speaker_id00076,id00076,fake,Speaker_id00076_fake_013.wav,FakeAVCeleb_CelebDF,faceswap-wav2lip,train,2.95,16000
Speaker_id00076,id00076,fake,Speaker_id00076_fake_014.wav,FakeAVCeleb_CelebDF,faceswap-wav2lip,train,3.14,16000
Speaker_id00076,id00076,fake,Speaker_id00076_fake_015.wav,FakeAVCeleb_CelebDF,faceswap-wav2lip,train,4.22,16000
Speaker_id00305,id00305,real,Speaker_id00305_real_001.wav,FakeAVCeleb_CelebDF,human,train,5.18,16000
Speaker_id00305,id00305,real,Speaker_id00305_real_002.wav,FakeAVCeleb_CelebDF,human,train,8.7,16000
Speaker_id00305,id00305,real,Speaker_id00305_real_003.wav,FakeAVCeleb_CelebDF,human,train,12.03,16000
Speaker_id00305,id00305,real,Speaker_id00305_real_007.wav,FakeAVCeleb_CelebDF,human,train,6.55,16000
Speaker_id00305,id00305,real,Speaker_id00305_real_008.wav,FakeAVCeleb_CelebDF,human,train,7.38,16000
Speaker_id00305,id00305,real,Speaker_id00305_real_010.wav,FakeAVCeleb_CelebDF,human,train,4.11,16000
Speaker_id00305,id00305,real,Speaker_id00305_real_012.wav,FakeAVCeleb_CelebDF,human,train,5.2,16000
Speaker_id00305,id00305,real,Speaker_id00305_real_013.wav,FakeAVCeleb_CelebDF,human,train,4.2,16000
Speaker_id00305,id00305,fake,Speaker_id00305_fake_001.wav,FakeAVCeleb_CelebDF,faceswap-wav2lip,train,4.86,16000
Speaker_id00305,id00305,fake,Speaker_id00305_fake_005.wav,FakeAVCeleb_CelebDF,faceswap-wav2lip,train,4.16,16000
Speaker_id00305,id00305,fake,Speaker_id00305_fake_007.wav,FakeAVCeleb_CelebDF,faceswap-wav2lip,train,4.9,16000
Speaker_id00305,id00305,fake,Speaker_id00305_fake_008.wav,FakeAVCeleb_CelebDF,faceswap-wav2lip,train,4.55,16000
Speaker_id00305,id00305,fake,Speaker_id00305_fake_010.wav,FakeAVCeleb_CelebDF,faceswap-wav2lip,train,2.53,16000
Speaker_id00305,id00305,fake,Speaker_id00305_fake_012.wav,FakeAVCeleb_CelebDF,fsgan-wav2lip,train,7.87,16000
Speaker_id06439,id06439,real,Speaker_id06439_real_002.wav,FakeAVCeleb_CelebDF,human,train,7.04,16000
Speaker_id06439,id06439,real,Speaker_id06439_real_003.wav,FakeAVCeleb_CelebDF,human,train,7.04,16000
Speaker_id06439,id06439,real,Speaker_id06439_real_004.wav,FakeAVCeleb_CelebDF,human,train,7.1,16000
Speaker_id06439,id06439,real,Speaker_id06439_real_005.wav,FakeAVCeleb_CelebDF,human,train,7.1,16000
Speaker_id06439,id06439,real,Speaker_id06439_real_007.wav,FakeAVCeleb_CelebDF,human,train,5.11,16000
Speaker_id06439,id06439,real,Speaker_id06439_real_009.wav,FakeAVCeleb_CelebDF,human,train,4.6,16000
Speaker_id06439,id06439,real,Speaker_id06439_real_013.wav,FakeAVCeleb_CelebDF,human,train,5.71,16000
Speaker_id06439,id06439,real,Speaker_id06439_real_014.wav,FakeAVCeleb_CelebDF,human,train,7.1,16000
Speaker_id06439,id06439,fake,Speaker_id06439_fake_004.wav,FakeAVCeleb_CelebDF,faceswap-wav2lip,train,2.9,16000
Speaker_id06439,id06439,fake,Speaker_id06439_fake_005.wav,FakeAVCeleb_CelebDF,faceswap-wav2lip,train,4.18,16000
Speaker_id06439,id06439,fake,Speaker_id06439_fake_006.wav,FakeAVCeleb_CelebDF,fsgan-wav2lip,train,5.89,16000
Speaker_id06439,id06439,fake,Speaker_id06439_fake_007.wav,FakeAVCeleb_CelebDF,wav2lip,train,3.39,16000
Speaker_id06439,id06439,fake,Speaker_id06439_fake_010.wav,FakeAVCeleb_CelebDF,wav2lip,train,4.62,16000
Speaker_id06439,id06439,fake,Speaker_id06439_fake_015.wav,FakeAVCeleb_CelebDF,wav2lip,train,3.95,16000
Speaker_id07236,id07236,real,Speaker_id07236_real_001.wav,FakeAVCeleb_CelebDF,human,train,7.68,16000
Speaker_id07236,id07236,real,Speaker_id07236_real_002.wav,FakeAVCeleb_CelebDF,human,train,5.31,16000
Speaker_id07236,id07236,real,Speaker_id07236_real_003.wav,FakeAVCeleb_CelebDF,human,train,5.31,16000
Speaker_id07236,id07236,real,Speaker_id07236_real_004.wav,FakeAVCeleb_CelebDF,human,train,5.25,16000
Speaker_id07236,id07236,real,Speaker_id07236_real_005.wav,FakeAVCeleb_CelebDF,human,train,5.31,16000
Speaker_id07236,id07236,real,Speaker_id07236_real_008.wav,FakeAVCeleb_CelebDF,human,train,4.16,16000
Speaker_id07236,id07236,real,Speaker_id07236_real_012.wav,FakeAVCeleb_CelebDF,human,train,5.25,16000
Speaker_id07236,id07236,real,Speaker_id07236_real_015.wav,FakeAVCeleb_CelebDF,human,train,5.31,16000
Speaker_id07236,id07236,fake,Speaker_id07236_fake_001.wav,FakeAVCeleb_CelebDF,fsgan-wav2lip,train,5.31,16000
Speaker_id07236,id07236,fake,Speaker_id07236_fake_002.wav,FakeAVCeleb_CelebDF,fsgan-wav2lip,train,5.31,16000
Speaker_id07236,id07236,fake,Speaker_id07236_fake_004.wav,FakeAVCeleb_CelebDF,fsgan-wav2lip,train,3.58,16000
Speaker_id07236,id07236,fake,Speaker_id07236_fake_005.wav,FakeAVCeleb_CelebDF,wav2lip,train,2.94,16000
Speaker_id07236,id07236,fake,Speaker_id07236_fake_006.wav,FakeAVCeleb_CelebDF,fsgan-wav2lip,train,4.61,16000
Speaker_id07236,id07236,fake,Speaker_id07236_fake_007.wav,FakeAVCeleb_CelebDF,wav2lip,train,5.31,16000
Speaker_id07236,id07236,fake,Speaker_id07236_fake_010.wav,FakeAVCeleb_CelebDF,faceswap-wav2lip,train,4.81,16000
Speaker_id07236,id07236,fake,Speaker_id07236_fake_011.wav,FakeAVCeleb_CelebDF,faceswap-wav2lip,train,5.31,16000
Speaker_id07236,id07236,fake,Speaker_id07236_fake_012.wav,FakeAVCeleb_CelebDF,fsgan-wav2lip,train,4.22,16000
Speaker_id07236,id07236,fake,Speaker_id07236_fake_013.wav,FakeAVCeleb_CelebDF,wav2lip,train,5.31,16000
Speaker_id00987,id00987,real,Speaker_id00987_real_001.wav,FakeAVCeleb_CelebDF,human,test,11.46,16000
Speaker_id00987,id00987,real,Speaker_id00987_real_002.wav,FakeAVCeleb_CelebDF,human,test,9.68,16000
Speaker_id00987,id00987,real,Speaker_id00987_real_005.wav,FakeAVCeleb_CelebDF,human,test,7.87,16000
Speaker_id00987,id00987,real,Speaker_id00987_real_007.wav,FakeAVCeleb_CelebDF,human,test,11.52,16000
Speaker_id00987,id00987,real,Speaker_id00987_real_009.wav,FakeAVCeleb_CelebDF,human,test,5.22,16000
Speaker_id00987,id00987,real,Speaker_id00987_real_010.wav,FakeAVCeleb_CelebDF,human,test,4.34,16000
Speaker_id00987,id00987,real,Speaker_id00987_real_012.wav,FakeAVCeleb_CelebDF,human,test,4.39,16000
Speaker_id00987,id00987,real,Speaker_id00987_real_014.wav,FakeAVCeleb_CelebDF,human,test,11.46,16000
Speaker_id00987,id00987,real,Speaker_id00987_real_015.wav,FakeAVCeleb_CelebDF,human,test,5.11,16000
Speaker_id00987,id00987,fake,Speaker_id00987_fake_001.wav,FakeAVCeleb_CelebDF,fsgan-wav2lip,test,7.45,16000
Speaker_id00987,id00987,fake,Speaker_id00987_fake_003.wav,FakeAVCeleb_CelebDF,wav2lip,test,7.27,16000
Speaker_id00987,id00987,fake,Speaker_id00987_fake_004.wav,FakeAVCeleb_CelebDF,fsgan-wav2lip,test,6.43,16000
Speaker_id00987,id00987,fake,Speaker_id00987_fake_008.wav,FakeAVCeleb_CelebDF,wav2lip,test,4.27,16000
Speaker_id00987,id00987,fake,Speaker_id00987_fake_009.wav,FakeAVCeleb_CelebDF,wav2lip,test,5.13,16000
Speaker_id00987,id00987,fake,Speaker_id00987_fake_010.wav,FakeAVCeleb_CelebDF,wav2lip,test,3.25,16000
Speaker_id00987,id00987,fake,Speaker_id00987_fake_011.wav,FakeAVCeleb_CelebDF,wav2lip,test,5.9,16000
Speaker_id00987,id00987,fake,Speaker_id00987_fake_014.wav,FakeAVCeleb_CelebDF,faceswap-wav2lip,test,8.2,16000
Speaker_id00987,id00987,fake,Speaker_id00987_fake_015.wav,FakeAVCeleb_CelebDF,faceswap-wav2lip,test,1.93,16000
Speaker_id08397,id08397,real,Speaker_id08397_real_001.wav,FakeAVCeleb_CelebDF,human,train,5.12,16000
Speaker_id08397,id08397,real,Speaker_id08397_real_002.wav,FakeAVCeleb_CelebDF,human,train,5.18,16000
Speaker_id08397,id08397,real,Speaker_id08397_real_003.wav,FakeAVCeleb_CelebDF,human,train,5.18,16000
Speaker_id08397,id08397,real,Speaker_id08397_real_006.wav,FakeAVCeleb_CelebDF,human,train,5.12,16000
Speaker_id08397,id08397,real,Speaker_id08397_real_007.wav,FakeAVCeleb_CelebDF,human,train,5.18,16000
Speaker_id08397,id08397,real,Speaker_id08397_real_008.wav,FakeAVCeleb_CelebDF,human,train,5.18,16000
Speaker_id08397,id08397,real,Speaker_id08397_real_009.wav,FakeAVCeleb_CelebDF,human,train,5.18,16000
Speaker_id08397,id08397,real,Speaker_id08397_real_010.wav,FakeAVCeleb_CelebDF,human,train,5.18,16000
Speaker_id08397,id08397,real,Speaker_id08397_real_013.wav,FakeAVCeleb_CelebDF,human,train,5.18,16000
Speaker_id08397,id08397,real,Speaker_id08397_real_014.wav,FakeAVCeleb_CelebDF,human,train,5.18,16000
Speaker_id08397,id08397,real,Speaker_id08397_real_015.wav,FakeAVCeleb_CelebDF,human,train,4.16,16000
Speaker_id08397,id08397,fake,Speaker_id08397_fake_001.wav,FakeAVCeleb_CelebDF,wav2lip,train,3.55,16000
Speaker_id08397,id08397,fake,Speaker_id08397_fake_003.wav,FakeAVCeleb_CelebDF,wav2lip,train,5.06,16000
Speaker_id08397,id08397,fake,Speaker_id08397_fake_005.wav,FakeAVCeleb_CelebDF,fsgan-wav2lip,train,5.18,16000
Speaker_id08397,id08397,fake,Speaker_id08397_fake_006.wav,FakeAVCeleb_CelebDF,wav2lip,train,5.18,16000
Speaker_id08397,id08397,fake,Speaker_id08397_fake_009.wav,FakeAVCeleb_CelebDF,faceswap-wav2lip,train,5.18,16000
Speaker_id08397,id08397,fake,Speaker_id08397_fake_011.wav,FakeAVCeleb_CelebDF,wav2lip,train,4.61,16000
Speaker_id08397,id08397,fake,Speaker_id08397_fake_013.wav,FakeAVCeleb_CelebDF,fsgan-wav2lip,train,5.18,16000
Speaker_id08397,id08397,fake,Speaker_id08397_fake_014.wav,FakeAVCeleb_CelebDF,wav2lip,train,4.48,16000
Speaker_id08313,id08313,real,Speaker_id08313_real_001.wav,FakeAVCeleb_CelebDF,human,train,14.72,16000
Speaker_id08313,id08313,real,Speaker_id08313_real_002.wav,FakeAVCeleb_CelebDF,human,train,4.34,16000
Speaker_id08313,id08313,real,Speaker_id08313_real_005.wav,FakeAVCeleb_CelebDF,human,train,5.04,16000
Speaker_id08313,id08313,real,Speaker_id08313_real_008.wav,FakeAVCeleb_CelebDF,human,train,6.87,16000
Speaker_id08313,id08313,real,Speaker_id08313_real_010.wav,FakeAVCeleb_CelebDF,human,train,10.36,16000
Speaker_id08313,id08313,real,Speaker_id08313_real_011.wav,FakeAVCeleb_CelebDF,human,train,5.32,16000
Speaker_id08313,id08313,real,Speaker_id08313_real_014.wav,FakeAVCeleb_CelebDF,human,train,14.72,16000
Speaker_id08313,id08313,real,Speaker_id08313_real_015.wav,FakeAVCeleb_CelebDF,human,train,4.04,16000
Speaker_id08313,id08313,fake,Speaker_id08313_fake_001.wav,FakeAVCeleb_CelebDF,wav2lip,train,5.34,16000
Speaker_id08313,id08313,fake,Speaker_id08313_fake_003.wav,FakeAVCeleb_CelebDF,wav2lip,train,3.95,16000
Speaker_id08313,id08313,fake,Speaker_id08313_fake_004.wav,FakeAVCeleb_CelebDF,fsgan-wav2lip,train,3.99,16000
Speaker_id08313,id08313,fake,Speaker_id08313_fake_005.wav,FakeAVCeleb_CelebDF,wav2lip,train,3.13,16000
Speaker_id08313,id08313,fake,Speaker_id08313_fake_006.wav,FakeAVCeleb_CelebDF,fsgan-wav2lip,train,4.6,16000
Speaker_id08313,id08313,fake,Speaker_id08313_fake_007.wav,FakeAVCeleb_CelebDF,wav2lip,train,5.6,16000
Speaker_id08313,id08313,fake,Speaker_id08313_fake_009.wav,FakeAVCeleb_CelebDF,wav2lip,train,5.22,16000
Speaker_id08313,id08313,fake,Speaker_id08313_fake_012.wav,FakeAVCeleb_CelebDF,wav2lip,train,4.57,16000
Speaker_id08313,id08313,fake,Speaker_id08313_fake_013.wav,FakeAVCeleb_CelebDF,faceswap-wav2lip,train,5.83,16000
Speaker_id04726,id04726,real,Speaker_id04726_real_001.wav,FakeAVCeleb_CelebDF,human,train,4.41,16000
Speaker_id04726,id04726,real,Speaker_id04726_real_002.wav,FakeAVCeleb_CelebDF,human,train,5.06,16000
Speaker_id04726,id04726,real,Speaker_id04726_real_003.wav,FakeAVCeleb_CelebDF,human,train,5.25,16000
Speaker_id04726,id04726,real,Speaker_id04726_real_004.wav,FakeAVCeleb_CelebDF,human,train,5.57,16000
Speaker_id04726,id04726,real,Speaker_id04726_real_007.wav,FakeAVCeleb_CelebDF,human,train,11.39,16000
Speaker_id04726,id04726,real,Speaker_id04726_real_008.wav,FakeAVCeleb_CelebDF,human,train,5.64,16000
Speaker_id04726,id04726,real,Speaker_id04726_real_011.wav,FakeAVCeleb_CelebDF,human,train,7.94,16000
Speaker_id04726,id04726,real,Speaker_id04726_real_012.wav,FakeAVCeleb_CelebDF,human,train,6.29,16000
Speaker_id04726,id04726,real,Speaker_id04726_real_013.wav,FakeAVCeleb_CelebDF,human,train,5.06,16000
Speaker_id04726,id04726,real,Speaker_id04726_real_015.wav,FakeAVCeleb_CelebDF,human,train,6.64,16000
Speaker_id04726,id04726,fake,Speaker_id04726_fake_001.wav,FakeAVCeleb_CelebDF,faceswap-wav2lip,train,4.48,16000
Speaker_id04726,id04726,fake,Speaker_id04726_fake_002.wav,FakeAVCeleb_CelebDF,faceswap-wav2lip,train,4.42,16000
Speaker_id04726,id04726,fake,Speaker_id04726_fake_003.wav,FakeAVCeleb_CelebDF,faceswap-wav2lip,train,4.48,16000
Speaker_id04726,id04726,fake,Speaker_id04726_fake_004.wav,FakeAVCeleb_CelebDF,faceswap-wav2lip,train,2.5,16000
Speaker_id04726,id04726,fake,Speaker_id04726_fake_006.wav,FakeAVCeleb_CelebDF,faceswap-wav2lip,train,5.12,16000
Speaker_id04726,id04726,fake,Speaker_id04726_fake_007.wav,FakeAVCeleb_CelebDF,faceswap-wav2lip,train,5.12,16000
Speaker_id04726,id04726,fake,Speaker_id04726_fake_008.wav,FakeAVCeleb_CelebDF,faceswap-wav2lip,train,3.44,16000
Speaker_id04726,id04726,fake,Speaker_id04726_fake_009.wav,FakeAVCeleb_CelebDF,faceswap-wav2lip,train,2.97,16000
Speaker_id04726,id04726,fake,Speaker_id04726_fake_011.wav,FakeAVCeleb_CelebDF,faceswap-wav2lip,train,3.83,16000
Speaker_id04726,id04726,fake,Speaker_id04726_fake_012.wav,FakeAVCeleb_CelebDF,faceswap-wav2lip,train,3.69,16000
Speaker_id04561,id04561,real,Speaker_id04561_real_001.wav,FakeAVCeleb_CelebDF,human,test,9.09,16000
Speaker_id04561,id04561,real,Speaker_id04561_real_002.wav,FakeAVCeleb_CelebDF,human,test,4.48,16000
Speaker_id04561,id04561,real,Speaker_id04561_real_007.wav,FakeAVCeleb_CelebDF,human,test,4.54,16000
Speaker_id04561,id04561,real,Speaker_id04561_real_008.wav,FakeAVCeleb_CelebDF,human,test,4.54,16000
Speaker_id04561,id04561,real,Speaker_id04561_real_011.wav,FakeAVCeleb_CelebDF,human,test,4.54,16000
Speaker_id04561,id04561,real,Speaker_id04561_real_012.wav,FakeAVCeleb_CelebDF,human,test,4.54,16000
Speaker_id04561,id04561,real,Speaker_id04561_real_013.wav,FakeAVCeleb_CelebDF,human,test,4.39,16000
Speaker_id04561,id04561,real,Speaker_id04561_real_014.wav,FakeAVCeleb_CelebDF,human,test,4.54,16000
Speaker_id04561,id04561,real,Speaker_id04561_real_015.wav,FakeAVCeleb_CelebDF,human,test,4.54,16000
Speaker_id04561,id04561,fake,Speaker_id04561_fake_001.wav,FakeAVCeleb_CelebDF,fsgan-wav2lip,test,4.54,16000
Speaker_id04561,id04561,fake,Speaker_id04561_fake_002.wav,FakeAVCeleb_CelebDF,wav2lip,test,4.54,16000
Speaker_id04561,id04561,fake,Speaker_id04561_fake_003.wav,FakeAVCeleb_CelebDF,fsgan-wav2lip,test,4.54,16000
Speaker_id04561,id04561,fake,Speaker_id04561_fake_004.wav,FakeAVCeleb_CelebDF,fsgan-wav2lip,test,3.14,16000
Speaker_id04561,id04561,fake,Speaker_id04561_fake_005.wav,FakeAVCeleb_CelebDF,fsgan-wav2lip,test,4.54,16000
Speaker_id04561,id04561,fake,Speaker_id04561_fake_006.wav,FakeAVCeleb_CelebDF,fsgan-wav2lip,test,4.29,16000
Speaker_id04561,id04561,fake,Speaker_id04561_fake_007.wav,FakeAVCeleb_CelebDF,fsgan-wav2lip,test,4.54,16000
Speaker_id04561,id04561,fake,Speaker_id04561_fake_008.wav,FakeAVCeleb_CelebDF,wav2lip,test,4.54,16000
Speaker_id04561,id04561,fake,Speaker_id04561_fake_009.wav,FakeAVCeleb_CelebDF,wav2lip,test,4.54,16000
Speaker_id04561,id04561,fake,Speaker_id04561_fake_010.wav,FakeAVCeleb_CelebDF,wav2lip,test,3.9,16000
Speaker_id04561,id04561,fake,Speaker_id04561_fake_012.wav,FakeAVCeleb_CelebDF,wav2lip,test,4.54,16000
Speaker_id04561,id04561,fake,Speaker_id04561_fake_013.wav,FakeAVCeleb_CelebDF,wav2lip,test,2.39,16000
Speaker_id04561,id04561,fake,Speaker_id04561_fake_014.wav,FakeAVCeleb_CelebDF,wav2lip,test,4.03,16000
Speaker_id01223,id01223,real,Speaker_id01223_real_001.wav,FakeAVCeleb_CelebDF,human,test,7.49,16000
Speaker_id01223,id01223,real,Speaker_id01223_real_002.wav,FakeAVCeleb_CelebDF,human,test,6.27,16000
Speaker_id01223,id01223,real,Speaker_id01223_real_003.wav,FakeAVCeleb_CelebDF,human,test,6.21,16000
Speaker_id01223,id01223,real,Speaker_id01223_real_005.wav,FakeAVCeleb_CelebDF,human,test,6.21,16000
Speaker_id01223,id01223,real,Speaker_id01223_real_007.wav,FakeAVCeleb_CelebDF,human,test,5.94,16000
Speaker_id01223,id01223,real,Speaker_id01223_real_008.wav,FakeAVCeleb_CelebDF,human,test,6.27,16000
Speaker_id01223,id01223,real,Speaker_id01223_real_010.wav,FakeAVCeleb_CelebDF,human,test,4.23,16000
Speaker_id01223,id01223,real,Speaker_id01223_real_013.wav,FakeAVCeleb_CelebDF,human,test,6.27,16000
Speaker_id01223,id01223,real,Speaker_id01223_real_014.wav,FakeAVCeleb_CelebDF,human,test,6.27,16000
Speaker_id01223,id01223,fake,Speaker_id01223_fake_003.wav,FakeAVCeleb_CelebDF,wav2lip,test,4.9,16000
Speaker_id01223,id01223,fake,Speaker_id01223_fake_004.wav,FakeAVCeleb_CelebDF,faceswap-wav2lip,test,6.27,16000
Speaker_id01223,id01223,fake,Speaker_id01223_fake_007.wav,FakeAVCeleb_CelebDF,faceswap-wav2lip,test,6.27,16000
Speaker_id01223,id01223,fake,Speaker_id01223_fake_008.wav,FakeAVCeleb_CelebDF,faceswap-wav2lip,test,4.16,16000
Speaker_id01223,id01223,fake,Speaker_id01223_fake_009.wav,FakeAVCeleb_CelebDF,fsgan-wav2lip,test,6.27,16000
Speaker_id01223,id01223,fake,Speaker_id01223_fake_010.wav,FakeAVCeleb_CelebDF,wav2lip,test,4.37,16000
Speaker_id01223,id01223,fake,Speaker_id01223_fake_011.wav,FakeAVCeleb_CelebDF,fsgan-wav2lip,test,5.7,16000
Speaker_id01223,id01223,fake,Speaker_id01223_fake_014.wav,FakeAVCeleb_CelebDF,wav2lip,test,5.63,16000
Speaker_id01223,id01223,fake,Speaker_id01223_fake_015.wav,FakeAVCeleb_CelebDF,wav2lip,test,6.27,16000
Speaker_id01239,id01239,real,Speaker_id01239_real_001.wav,FakeAVCeleb_CelebDF,human,valid,6.53,16000
Speaker_id01239,id01239,real,Speaker_id01239_real_002.wav,FakeAVCeleb_CelebDF,human,valid,6.59,16000
Speaker_id01239,id01239,real,Speaker_id01239_real_003.wav,FakeAVCeleb_CelebDF,human,valid,6.59,16000
Speaker_id01239,id01239,real,Speaker_id01239_real_005.wav,FakeAVCeleb_CelebDF,human,valid,4.99,16000
Speaker_id01239,id01239,real,Speaker_id01239_real_008.wav,FakeAVCeleb_CelebDF,human,valid,4.5,16000
Speaker_id01239,id01239,real,Speaker_id01239_real_011.wav,FakeAVCeleb_CelebDF,human,valid,6.59,16000
Speaker_id01239,id01239,real,Speaker_id01239_real_012.wav,FakeAVCeleb_CelebDF,human,valid,4.78,16000
Speaker_id01239,id01239,real,Speaker_id01239_real_015.wav,FakeAVCeleb_CelebDF,human,valid,6.53,16000
Speaker_id01239,id01239,fake,Speaker_id01239_fake_001.wav,FakeAVCeleb_CelebDF,wav2lip,valid,6.59,16000
Speaker_id01239,id01239,fake,Speaker_id01239_fake_003.wav,FakeAVCeleb_CelebDF,wav2lip,valid,4.04,16000
Speaker_id01239,id01239,fake,Speaker_id01239_fake_004.wav,FakeAVCeleb_CelebDF,fsgan-wav2lip,valid,6.59,16000
Speaker_id01239,id01239,fake,Speaker_id01239_fake_005.wav,FakeAVCeleb_CelebDF,wav2lip,valid,6.59,16000
Speaker_id01239,id01239,fake,Speaker_id01239_fake_009.wav,FakeAVCeleb_CelebDF,fsgan-wav2lip,valid,4.48,16000
Speaker_id01239,id01239,fake,Speaker_id01239_fake_010.wav,FakeAVCeleb_CelebDF,wav2lip,valid,6.59,16000
Speaker_id01239,id01239,fake,Speaker_id01239_fake_012.wav,FakeAVCeleb_CelebDF,fsgan-wav2lip,valid,5.5,16000
Speaker_id01239,id01239,fake,Speaker_id01239_fake_013.wav,FakeAVCeleb_CelebDF,wav2lip,valid,3.83,16000
Speaker_id02948,id02948,real,Speaker_id02948_real_001.wav,FakeAVCeleb_CelebDF,human,train,4.29,16000
Speaker_id02948,id02948,real,Speaker_id02948_real_002.wav,FakeAVCeleb_CelebDF,human,train,4.22,16000
Speaker_id02948,id02948,real,Speaker_id02948_real_003.wav,FakeAVCeleb_CelebDF,human,train,4.22,16000
Speaker_id02948,id02948,real,Speaker_id02948_real_004.wav,FakeAVCeleb_CelebDF,human,train,4.16,16000
Speaker_id02948,id02948,real,Speaker_id02948_real_005.wav,FakeAVCeleb_CelebDF,human,train,4.16,16000
Speaker_id02948,id02948,real,Speaker_id02948_real_006.wav,FakeAVCeleb_CelebDF,human,train,4.22,16000
Speaker_id02948,id02948,real,Speaker_id02948_real_007.wav,FakeAVCeleb_CelebDF,human,train,4.22,16000
Speaker_id02948,id02948,real,Speaker_id02948_real_011.wav,FakeAVCeleb_CelebDF,human,train,4.22,16000
Speaker_id02948,id02948,real,Speaker_id02948_real_012.wav,FakeAVCeleb_CelebDF,human,train,4.22,16000
Speaker_id02948,id02948,real,Speaker_id02948_real_013.wav,FakeAVCeleb_CelebDF,human,train,4.22,16000
Speaker_id02948,id02948,real,Speaker_id02948_real_015.wav,FakeAVCeleb_CelebDF,human,train,4.16,16000
Speaker_id02948,id02948,fake,Speaker_id02948_fake_001.wav,FakeAVCeleb_CelebDF,wav2lip,train,4.22,16000
Speaker_id02948,id02948,fake,Speaker_id02948_fake_003.wav,FakeAVCeleb_CelebDF,wav2lip,train,3.65,16000
Speaker_id02948,id02948,fake,Speaker_id02948_fake_004.wav,FakeAVCeleb_CelebDF,fsgan-wav2lip,train,4.22,16000
Speaker_id02948,id02948,fake,Speaker_id02948_fake_005.wav,FakeAVCeleb_CelebDF,wav2lip,train,3.53,16000
Speaker_id02948,id02948,fake,Speaker_id02948_fake_006.wav,FakeAVCeleb_CelebDF,fsgan-wav2lip,train,4.22,16000
Speaker_id02948,id02948,fake,Speaker_id02948_fake_007.wav,FakeAVCeleb_CelebDF,fsgan-wav2lip,train,4.1,16000
Speaker_id02948,id02948,fake,Speaker_id02948_fake_008.wav,FakeAVCeleb_CelebDF,fsgan-wav2lip,train,4.22,16000
Speaker_id02948,id02948,fake,Speaker_id02948_fake_009.wav,FakeAVCeleb_CelebDF,wav2lip,train,3.33,16000
Speaker_id02948,id02948,fake,Speaker_id02948_fake_010.wav,FakeAVCeleb_CelebDF,wav2lip,train,4.22,16000
Speaker_id02948,id02948,fake,Speaker_id02948_fake_011.wav,FakeAVCeleb_CelebDF,wav2lip,train,3.14,16000
Speaker_id02948,id02948,fake,Speaker_id02948_fake_012.wav,FakeAVCeleb_CelebDF,faceswap-wav2lip,train,4.22,16000
Speaker_id02948,id02948,fake,Speaker_id02948_fake_013.wav,FakeAVCeleb_CelebDF,faceswap-wav2lip,train,4.22,16000
Speaker_id02948,id02948,fake,Speaker_id02948_fake_014.wav,FakeAVCeleb_CelebDF,faceswap-wav2lip,train,4.22,16000
Speaker_id02948,id02948,fake,Speaker_id02948_fake_015.wav,FakeAVCeleb_CelebDF,faceswap-wav2lip,train,0.96,16000
Speaker_id00943,id00943,real,Speaker_id00943_real_001.wav,FakeAVCeleb_CelebDF,human,train,6.72,16000
Speaker_id00943,id00943,real,Speaker_id00943_real_002.wav,FakeAVCeleb_CelebDF,human,train,8.19,16000
Speaker_id00943,id00943,real,Speaker_id00943_real_003.wav,FakeAVCeleb_CelebDF,human,train,8.19,16000
Speaker_id00943,id00943,real,Speaker_id00943_real_009.wav,FakeAVCeleb_CelebDF,human,train,4.11,16000
Speaker_id00943,id00943,real,Speaker_id00943_real_010.wav,FakeAVCeleb_CelebDF,human,train,5.39,16000
Speaker_id00943,id00943,real,Speaker_id00943_real_015.wav,FakeAVCeleb_CelebDF,human,train,5.04,16000
Speaker_id00943,id00943,fake,Speaker_id00943_fake_002.wav,FakeAVCeleb_CelebDF,faceswap-wav2lip,train,7.87,16000
Speaker_id00943,id00943,fake,Speaker_id00943_fake_003.wav,FakeAVCeleb_CelebDF,faceswap-wav2lip,train,5.48,16000
Speaker_id00943,id00943,fake,Speaker_id00943_fake_005.wav,FakeAVCeleb_CelebDF,faceswap-wav2lip,train,5.43,16000
Speaker_id00943,id00943,fake,Speaker_id00943_fake_006.wav,FakeAVCeleb_CelebDF,fsgan-wav2lip,train,8.26,16000
Speaker_id00943,id00943,fake,Speaker_id00943_fake_008.wav,FakeAVCeleb_CelebDF,fsgan-wav2lip,train,3.9,16000
Speaker_id00943,id00943,fake,Speaker_id00943_fake_014.wav,FakeAVCeleb_CelebDF,wav2lip,train,4.69,16000
Speaker_id00943,id00943,fake,Speaker_id00943_fake_015.wav,FakeAVCeleb_CelebDF,fsgan-wav2lip,train,4.57,16000
Speaker_id00857,id00857,real,Speaker_id00857_real_001.wav,FakeAVCeleb_CelebDF,human,test,3.97,16000
Speaker_id00857,id00857,real,Speaker_id00857_real_002.wav,FakeAVCeleb_CelebDF,human,test,4.03,16000
Speaker_id00857,id00857,real,Speaker_id00857_real_005.wav,FakeAVCeleb_CelebDF,human,test,4.03,16000
Speaker_id00857,id00857,real,Speaker_id00857_real_007.wav,FakeAVCeleb_CelebDF,human,test,4.03,16000
Speaker_id00857,id00857,real,Speaker_id00857_real_008.wav,FakeAVCeleb_CelebDF,human,test,4.03,16000
Speaker_id00857,id00857,real,Speaker_id00857_real_010.wav,FakeAVCeleb_CelebDF,human,test,3.97,16000
Speaker_id00857,id00857,real,Speaker_id00857_real_011.wav,FakeAVCeleb_CelebDF,human,test,4.03,16000
Speaker_id00857,id00857,real,Speaker_id00857_real_012.wav,FakeAVCeleb_CelebDF,human,test,4.03,16000
Speaker_id00857,id00857,real,Speaker_id00857_real_014.wav,FakeAVCeleb_CelebDF,human,test,4.03,16000
Speaker_id00857,id00857,fake,Speaker_id00857_fake_001.wav,FakeAVCeleb_CelebDF,wav2lip,test,4.03,16000
Speaker_id00857,id00857,fake,Speaker_id00857_fake_002.wav,FakeAVCeleb_CelebDF,fsgan-wav2lip,test,4.03,16000
Speaker_id00857,id00857,fake,Speaker_id00857_fake_003.wav,FakeAVCeleb_CelebDF,wav2lip,test,4.03,16000
Speaker_id00857,id00857,fake,Speaker_id00857_fake_004.wav,FakeAVCeleb_CelebDF,wav2lip,test,4.03,16000
Speaker_id00857,id00857,fake,Speaker_id00857_fake_005.wav,FakeAVCeleb_CelebDF,wav2lip,test,3.97,16000
Speaker_id00857,id00857,fake,Speaker_id00857_fake_006.wav,FakeAVCeleb_CelebDF,fsgan-wav2lip,test,4.03,16000
Speaker_id00857,id00857,fake,Speaker_id00857_fake_008.wav,FakeAVCeleb_CelebDF,wav2lip,test,4.03,16000
Speaker_id00857,id00857,fake,Speaker_id00857_fake_009.wav,FakeAVCeleb_CelebDF,fsgan-wav2lip,test,4.03,16000
Speaker_id00857,id00857,fake,Speaker_id00857_fake_013.wav,FakeAVCeleb_CelebDF,faceswap-wav2lip,test,4.03,16000
Speaker_id00857,id00857,fake,Speaker_id00857_fake_014.wav,FakeAVCeleb_CelebDF,faceswap-wav2lip,test,4.03,16000
Speaker_id00857,id00857,fake,Speaker_id00857_fake_015.wav,FakeAVCeleb_CelebDF,faceswap-wav2lip,test,4.03,16000
Speaker_id00187,id00187,real,Speaker_id00187_real_001.wav,FakeAVCeleb_CelebDF,human,train,5.12,16000
Speaker_id00187,id00187,real,Speaker_id00187_real_002.wav,FakeAVCeleb_CelebDF,human,train,8.77,16000
Speaker_id00187,id00187,real,Speaker_id00187_real_008.wav,FakeAVCeleb_CelebDF,human,train,4.06,16000
Speaker_id00187,id00187,real,Speaker_id00187_real_010.wav,FakeAVCeleb_CelebDF,human,train,8.83,16000
Speaker_id00187,id00187,real,Speaker_id00187_real_014.wav,FakeAVCeleb_CelebDF,human,train,8.77,16000
Speaker_id00187,id00187,fake,Speaker_id00187_fake_001.wav,FakeAVCeleb_CelebDF,wav2lip,train,4.13,16000
Speaker_id00187,id00187,fake,Speaker_id00187_fake_002.wav,FakeAVCeleb_CelebDF,wav2lip,train,7.87,16000
Speaker_id00187,id00187,fake,Speaker_id00187_fake_004.wav,FakeAVCeleb_CelebDF,fsgan-wav2lip,train,4.09,16000
Speaker_id00187,id00187,fake,Speaker_id00187_fake_006.wav,FakeAVCeleb_CelebDF,fsgan-wav2lip,train,4.55,16000
Speaker_id00187,id00187,fake,Speaker_id00187_fake_007.wav,FakeAVCeleb_CelebDF,wav2lip,train,8.83,16000
Speaker_id00187,id00187,fake,Speaker_id00187_fake_008.wav,FakeAVCeleb_CelebDF,fsgan-wav2lip,train,3.37,16000
Speaker_id00568,id00568,real,Speaker_id00568_real_001.wav,FakeAVCeleb_CelebDF,human,train,5.48,16000
Speaker_id00568,id00568,real,Speaker_id00568_real_002.wav,FakeAVCeleb_CelebDF,human,train,4.23,16000
Speaker_id00568,id00568,real,Speaker_id00568_real_003.wav,FakeAVCeleb_CelebDF,human,train,8.45,16000
Speaker_id00568,id00568,real,Speaker_id00568_real_006.wav,FakeAVCeleb_CelebDF,human,train,8.51,16000
Speaker_id00568,id00568,real,Speaker_id00568_real_007.wav,FakeAVCeleb_CelebDF,human,train,8.51,16000
Speaker_id00568,id00568,real,Speaker_id00568_real_008.wav,FakeAVCeleb_CelebDF,human,train,4.06,16000
Speaker_id00568,id00568,real,Speaker_id00568_real_010.wav,FakeAVCeleb_CelebDF,human,train,4.23,16000
Speaker_id00568,id00568,real,Speaker_id00568_real_015.wav,FakeAVCeleb_CelebDF,human,train,4.06,16000
Speaker_id00568,id00568,fake,Speaker_id00568_fake_002.wav,FakeAVCeleb_CelebDF,wav2lip,train,5.09,16000
Speaker_id00568,id00568,fake,Speaker_id00568_fake_003.wav,FakeAVCeleb_CelebDF,wav2lip,train,7.22,16000
Speaker_id00568,id00568,fake,Speaker_id00568_fake_005.wav,FakeAVCeleb_CelebDF,wav2lip,train,4.34,16000
Speaker_id00568,id00568,fake,Speaker_id00568_fake_006.wav,FakeAVCeleb_CelebDF,fsgan-wav2lip,train,3.27,16000
Speaker_id00568,id00568,fake,Speaker_id00568_fake_009.wav,FakeAVCeleb_CelebDF,wav2lip,train,3.39,16000
Speaker_id00568,id00568,fake,Speaker_id00568_fake_010.wav,FakeAVCeleb_CelebDF,wav2lip,train,5.5,16000
Speaker_id00568,id00568,fake,Speaker_id00568_fake_011.wav,FakeAVCeleb_CelebDF,fsgan-wav2lip,train,1.28,16000
Speaker_id00568,id00568,fake,Speaker_id00568_fake_012.wav,FakeAVCeleb_CelebDF,wav2lip,train,4.92,16000
Speaker_id00568,id00568,fake,Speaker_id00568_fake_013.wav,FakeAVCeleb_CelebDF,fsgan-wav2lip,train,6.73,16000
Speaker_id00568,id00568,fake,Speaker_id00568_fake_015.wav,FakeAVCeleb_CelebDF,fsgan-wav2lip,train,5.53,16000
Speaker_id01637,id01637,real,Speaker_id01637_real_001.wav,FakeAVCeleb_CelebDF,human,train,8.77,16000
Speaker_id01637,id01637,real,Speaker_id01637_real_005.wav,FakeAVCeleb_CelebDF,human,train,5.82,16000
Speaker_id01637,id01637,real,Speaker_id01637_real_006.wav,FakeAVCeleb_CelebDF,human,train,5.89,16000
Speaker_id01637,id01637,real,Speaker_id01637_real_009.wav,FakeAVCeleb_CelebDF,human,train,5.89,16000
Speaker_id01637,id01637,real,Speaker_id01637_real_015.wav,FakeAVCeleb_CelebDF,human,train,5.89,16000
Speaker_id01637,id01637,fake,Speaker_id01637_fake_002.wav,FakeAVCeleb_CelebDF,faceswap-wav2lip,train,4.22,16000
Speaker_id01637,id01637,fake,Speaker_id01637_fake_003.wav,FakeAVCeleb_CelebDF,faceswap-wav2lip,train,4.22,16000
Speaker_id01637,id01637,fake,Speaker_id01637_fake_005.wav,FakeAVCeleb_CelebDF,faceswap-wav2lip,train,4.22,16000
Speaker_id01637,id01637,fake,Speaker_id01637_fake_006.wav,FakeAVCeleb_CelebDF,faceswap-wav2lip,train,5.12,16000
Speaker_id01637,id01637,fake,Speaker_id01637_fake_007.wav,FakeAVCeleb_CelebDF,faceswap-wav2lip,train,5.12,16000
Speaker_id01637,id01637,fake,Speaker_id01637_fake_008.wav,FakeAVCeleb_CelebDF,faceswap-wav2lip,train,5.12,16000
Speaker_id01637,id01637,fake,Speaker_id01637_fake_009.wav,FakeAVCeleb_CelebDF,faceswap-wav2lip,train,5.12,16000
Speaker_id01637,id01637,fake,Speaker_id01637_fake_010.wav,FakeAVCeleb_CelebDF,faceswap-wav2lip,train,3.39,16000
Speaker_id01637,id01637,fake,Speaker_id01637_fake_011.wav,FakeAVCeleb_CelebDF,wav2lip,train,5.89,16000
Speaker_id01637,id01637,fake,Speaker_id01637_fake_012.wav,FakeAVCeleb_CelebDF,fsgan-wav2lip,train,3.69,16000
Speaker_id01637,id01637,fake,Speaker_id01637_fake_013.wav,FakeAVCeleb_CelebDF,fsgan-wav2lip,train,5.44,16000
Speaker_id01637,id01637,fake,Speaker_id01637_fake_014.wav,FakeAVCeleb_CelebDF,wav2lip,train,5.89,16000
Speaker_id06594,id06594,real,Speaker_id06594_real_001.wav,FakeAVCeleb_CelebDF,human,test,4.8,16000
Speaker_id06594,id06594,real,Speaker_id06594_real_003.wav,FakeAVCeleb_CelebDF,human,test,4.86,16000
Speaker_id06594,id06594,real,Speaker_id06594_real_004.wav,FakeAVCeleb_CelebDF,human,test,4.04,16000
Speaker_id06594,id06594,real,Speaker_id06594_real_005.wav,FakeAVCeleb_CelebDF,human,test,4.86,16000
Speaker_id06594,id06594,real,Speaker_id06594_real_006.wav,FakeAVCeleb_CelebDF,human,test,4.86,16000
Speaker_id06594,id06594,real,Speaker_id06594_real_007.wav,FakeAVCeleb_CelebDF,human,test,4.86,16000
Speaker_id06594,id06594,real,Speaker_id06594_real_008.wav,FakeAVCeleb_CelebDF,human,test,4.86,16000
Speaker_id06594,id06594,real,Speaker_id06594_real_009.wav,FakeAVCeleb_CelebDF,human,test,4.76,16000
Speaker_id06594,id06594,real,Speaker_id06594_real_011.wav,FakeAVCeleb_CelebDF,human,test,4.86,16000
Speaker_id06594,id06594,fake,Speaker_id06594_fake_001.wav,FakeAVCeleb_CelebDF,wav2lip,test,4.29,16000
Speaker_id06594,id06594,fake,Speaker_id06594_fake_002.wav,FakeAVCeleb_CelebDF,faceswap-wav2lip,test,2.21,16000
Speaker_id06594,id06594,fake,Speaker_id06594_fake_003.wav,FakeAVCeleb_CelebDF,wav2lip,test,4.86,16000
Speaker_id06594,id06594,fake,Speaker_id06594_fake_004.wav,FakeAVCeleb_CelebDF,wav2lip,test,4.86,16000
Speaker_id06594,id06594,fake,Speaker_id06594_fake_005.wav,FakeAVCeleb_CelebDF,faceswap-wav2lip,test,4.86,16000
Speaker_id06594,id06594,fake,Speaker_id06594_fake_006.wav,FakeAVCeleb_CelebDF,wav2lip,test,4.86,16000
Speaker_id06594,id06594,fake,Speaker_id06594_fake_008.wav,FakeAVCeleb_CelebDF,wav2lip,test,4.86,16000
Speaker_id06594,id06594,fake,Speaker_id06594_fake_011.wav,FakeAVCeleb_CelebDF,wav2lip,test,4.86,16000
Speaker_id06594,id06594,fake,Speaker_id06594_fake_013.wav,FakeAVCeleb_CelebDF,faceswap-wav2lip,test,4.8,16000
Speaker_id00087,id00087,real,Speaker_id00087_real_001.wav,FakeAVCeleb_CelebDF,human,train,6.78,16000
Speaker_id00087,id00087,real,Speaker_id00087_real_003.wav,FakeAVCeleb_CelebDF,human,train,6.72,16000
Speaker_id00087,id00087,real,Speaker_id00087_real_005.wav,FakeAVCeleb_CelebDF,human,train,5.06,16000
Speaker_id00087,id00087,real,Speaker_id00087_real_009.wav,FakeAVCeleb_CelebDF,human,train,6.78,16000
Speaker_id00087,id00087,real,Speaker_id00087_real_013.wav,FakeAVCeleb_CelebDF,human,train,6.78,16000
Speaker_id00087,id00087,fake,Speaker_id00087_fake_002.wav,FakeAVCeleb_CelebDF,wav2lip,train,6.78,16000
Speaker_id00087,id00087,fake,Speaker_id00087_fake_003.wav,FakeAVCeleb_CelebDF,fsgan-wav2lip,train,6.78,16000
Speaker_id00087,id00087,fake,Speaker_id00087_fake_008.wav,FakeAVCeleb_CelebDF,faceswap-wav2lip,train,6.78,16000
Speaker_id00087,id00087,fake,Speaker_id00087_fake_009.wav,FakeAVCeleb_CelebDF,faceswap-wav2lip,train,4.18,16000
Speaker_id00087,id00087,fake,Speaker_id00087_fake_010.wav,FakeAVCeleb_CelebDF,faceswap-wav2lip,train,6.78,16000
Speaker_id00087,id00087,fake,Speaker_id00087_fake_011.wav,FakeAVCeleb_CelebDF,fsgan-wav2lip,train,6.29,16000
Speaker_id00087,id00087,fake,Speaker_id00087_fake_013.wav,FakeAVCeleb_CelebDF,fsgan-wav2lip,train,4.27,16000
Speaker_id03589,id03589,real,Speaker_id03589_real_002.wav,FakeAVCeleb_CelebDF,human,train,6.78,16000
Speaker_id03589,id03589,real,Speaker_id03589_real_004.wav,FakeAVCeleb_CelebDF,human,train,6.85,16000
Speaker_id03589,id03589,real,Speaker_id03589_real_008.wav,FakeAVCeleb_CelebDF,human,train,6.59,16000
Speaker_id03589,id03589,real,Speaker_id03589_real_009.wav,FakeAVCeleb_CelebDF,human,train,6.11,16000
Speaker_id03589,id03589,real,Speaker_id03589_real_012.wav,FakeAVCeleb_CelebDF,human,train,6.78,16000
Speaker_id03589,id03589,real,Speaker_id03589_real_013.wav,FakeAVCeleb_CelebDF,human,train,4.34,16000
Speaker_id03589,id03589,fake,Speaker_id03589_fake_004.wav,FakeAVCeleb_CelebDF,wav2lip,train,6.85,16000
Speaker_id03589,id03589,fake,Speaker_id03589_fake_005.wav,FakeAVCeleb_CelebDF,wav2lip,train,4.09,16000
Speaker_id03589,id03589,fake,Speaker_id03589_fake_007.wav,FakeAVCeleb_CelebDF,wav2lip,train,6.85,16000
Speaker_id03589,id03589,fake,Speaker_id03589_fake_011.wav,FakeAVCeleb_CelebDF,faceswap-wav2lip,train,6.85,16000
Speaker_id03589,id03589,fake,Speaker_id03589_fake_013.wav,FakeAVCeleb_CelebDF,fsgan-wav2lip,train,6.85,16000
Speaker_id06061,id06061,real,Speaker_id06061_real_001.wav,FakeAVCeleb_CelebDF,human,test,4.71,16000
Speaker_id06061,id06061,real,Speaker_id06061_real_002.wav,FakeAVCeleb_CelebDF,human,test,15.17,16000
Speaker_id06061,id06061,real,Speaker_id06061_real_003.wav,FakeAVCeleb_CelebDF,human,test,10.08,16000
Speaker_id06061,id06061,real,Speaker_id06061_real_004.wav,FakeAVCeleb_CelebDF,human,test,7.59,16000
Speaker_id06061,id06061,real,Speaker_id06061_real_008.wav,FakeAVCeleb_CelebDF,human,test,6.59,16000
Speaker_id06061,id06061,real,Speaker_id06061_real_009.wav,FakeAVCeleb_CelebDF,human,test,6.99,16000
Speaker_id06061,id06061,real,Speaker_id06061_real_011.wav,FakeAVCeleb_CelebDF,human,test,15.23,16000
Speaker_id06061,id06061,fake,Speaker_id06061_fake_001.wav,FakeAVCeleb_CelebDF,wav2lip,test,3.99,16000
Speaker_id06061,id06061,fake,Speaker_id06061_fake_004.wav,FakeAVCeleb_CelebDF,fsgan-wav2lip,test,3.18,16000
Speaker_id06061,id06061,fake,Speaker_id06061_fake_005.wav,FakeAVCeleb_CelebDF,wav2lip,test,2.35,16000
Speaker_id06061,id06061,fake,Speaker_id06061_fake_008.wav,FakeAVCeleb_CelebDF,fsgan-wav2lip,test,9.22,16000
Speaker_id06061,id06061,fake,Speaker_id06061_fake_012.wav,FakeAVCeleb_CelebDF,fsgan-wav2lip,test,4.04,16000
Speaker_id06061,id06061,fake,Speaker_id06061_fake_013.wav,FakeAVCeleb_CelebDF,faceswap-wav2lip,test,10.01,16000
Speaker_id06061,id06061,fake,Speaker_id06061_fake_014.wav,FakeAVCeleb_CelebDF,faceswap-wav2lip,test,4.85,16000
Speaker_id01597,id01597,real,Speaker_id01597_real_001.wav,FakeAVCeleb_CelebDF,human,train,4.74,16000
Speaker_id01597,id01597,real,Speaker_id01597_real_003.wav,FakeAVCeleb_CelebDF,human,train,9.02,16000
Speaker_id01597,id01597,real,Speaker_id01597_real_004.wav,FakeAVCeleb_CelebDF,human,train,4.35,16000
Speaker_id01597,id01597,real,Speaker_id01597_real_005.wav,FakeAVCeleb_CelebDF,human,train,5.76,16000
Speaker_id01597,id01597,real,Speaker_id01597_real_006.wav,FakeAVCeleb_CelebDF,human,train,5.7,16000
Speaker_id01597,id01597,real,Speaker_id01597_real_009.wav,FakeAVCeleb_CelebDF,human,train,5.76,16000
Speaker_id01597,id01597,real,Speaker_id01597_real_010.wav,FakeAVCeleb_CelebDF,human,train,5.76,16000
Speaker_id01597,id01597,real,Speaker_id01597_real_014.wav,FakeAVCeleb_CelebDF,human,train,5.76,16000
Speaker_id01597,id01597,fake,Speaker_id01597_fake_001.wav,FakeAVCeleb_CelebDF,faceswap-wav2lip,train,4.8,16000
Speaker_id01597,id01597,fake,Speaker_id01597_fake_002.wav,FakeAVCeleb_CelebDF,faceswap-wav2lip,train,3.97,16000
Speaker_id01597,id01597,fake,Speaker_id01597_fake_003.wav,FakeAVCeleb_CelebDF,faceswap-wav2lip,train,4.22,16000
Speaker_id01597,id01597,fake,Speaker_id01597_fake_004.wav,FakeAVCeleb_CelebDF,faceswap-wav2lip,train,3.9,16000
Speaker_id01597,id01597,fake,Speaker_id01597_fake_005.wav,FakeAVCeleb_CelebDF,faceswap-wav2lip,train,4.22,16000
Speaker_id01597,id01597,fake,Speaker_id01597_fake_007.wav,FakeAVCeleb_CelebDF,faceswap-wav2lip,train,9.09,16000
Speaker_id01597,id01597,fake,Speaker_id01597_fake_009.wav,FakeAVCeleb_CelebDF,faceswap-wav2lip,train,5.53,16000
Speaker_id01597,id01597,fake,Speaker_id01597_fake_011.wav,FakeAVCeleb_CelebDF,faceswap-wav2lip,train,1.88,16000
Speaker_id01597,id01597,fake,Speaker_id01597_fake_012.wav,FakeAVCeleb_CelebDF,faceswap-wav2lip,train,4.42,16000
Speaker_id01597,id01597,fake,Speaker_id01597_fake_013.wav,FakeAVCeleb_CelebDF,faceswap-wav2lip,train,2.43,16000
Speaker_id01597,id01597,fake,Speaker_id01597_fake_014.wav,FakeAVCeleb_CelebDF,faceswap-wav2lip,train,4.42,16000
Speaker_id01597,id01597,fake,Speaker_id01597_fake_015.wav,FakeAVCeleb_CelebDF,faceswap-wav2lip,train,4.42,16000
Speaker_id00897,id00897,real,Speaker_id00897_real_001.wav,FakeAVCeleb_CelebDF,human,test,14.08,16000
Speaker_id00897,id00897,real,Speaker_id00897_real_003.wav,FakeAVCeleb_CelebDF,human,test,7.31,16000
Speaker_id00897,id00897,real,Speaker_id00897_real_004.wav,FakeAVCeleb_CelebDF,human,test,5.2,16000
Speaker_id00897,id00897,real,Speaker_id00897_real_013.wav,FakeAVCeleb_CelebDF,human,test,6.43,16000
Speaker_id00897,id00897,real,Speaker_id00897_real_015.wav,FakeAVCeleb_CelebDF,human,test,14.08,16000
Speaker_id00897,id00897,fake,Speaker_id00897_fake_001.wav,FakeAVCeleb_CelebDF,wav2lip,test,4.27,16000
Speaker_id00897,id00897,fake,Speaker_id00897_fake_002.wav,FakeAVCeleb_CelebDF,wav2lip,test,5.02,16000
Speaker_id00897,id00897,fake,Speaker_id00897_fake_007.wav,FakeAVCeleb_CelebDF,fsgan-wav2lip,test,5.53,16000
Speaker_id00897,id00897,fake,Speaker_id00897_fake_009.wav,FakeAVCeleb_CelebDF,wav2lip,test,4.62,16000
Speaker_id00897,id00897,fake,Speaker_id00897_fake_014.wav,FakeAVCeleb_CelebDF,faceswap-wav2lip,test,5.32,16000
Speaker_id00897,id00897,fake,Speaker_id00897_fake_015.wav,FakeAVCeleb_CelebDF,faceswap-wav2lip,test,3.78,16000
Speaker_id00052,id00052,real,Speaker_id00052_real_001.wav,FakeAVCeleb_CelebDF,human,test,4.61,16000
Speaker_id00052,id00052,real,Speaker_id00052_real_002.wav,FakeAVCeleb_CelebDF,human,test,4.8,16000
Speaker_id00052,id00052,real,Speaker_id00052_real_003.wav,FakeAVCeleb_CelebDF,human,test,7.81,16000
Speaker_id00052,id00052,real,Speaker_id00052_real_004.wav,FakeAVCeleb_CelebDF,human,test,4.92,16000
Speaker_id00052,id00052,real,Speaker_id00052_real_006.wav,FakeAVCeleb_CelebDF,human,test,7.87,16000
Speaker_id00052,id00052,real,Speaker_id00052_real_015.wav,FakeAVCeleb_CelebDF,human,test,7.87,16000
Speaker_id00052,id00052,fake,Speaker_id00052_fake_001.wav,FakeAVCeleb_CelebDF,faceswap-wav2lip,test,4.67,16000
Speaker_id00052,id00052,fake,Speaker_id00052_fake_002.wav,FakeAVCeleb_CelebDF,faceswap-wav2lip,test,4.67,16000
Speaker_id00052,id00052,fake,Speaker_id00052_fake_003.wav,FakeAVCeleb_CelebDF,faceswap-wav2lip,test,4.67,16000
Speaker_id00052,id00052,fake,Speaker_id00052_fake_004.wav,FakeAVCeleb_CelebDF,faceswap-wav2lip,test,4.67,16000
Speaker_id00052,id00052,fake,Speaker_id00052_fake_005.wav,FakeAVCeleb_CelebDF,faceswap-wav2lip,test,3.97,16000
Speaker_id00052,id00052,fake,Speaker_id00052_fake_006.wav,FakeAVCeleb_CelebDF,faceswap-wav2lip,test,4.86,16000
Speaker_id00052,id00052,fake,Speaker_id00052_fake_008.wav,FakeAVCeleb_CelebDF,faceswap-wav2lip,test,4.86,16000
Speaker_id00052,id00052,fake,Speaker_id00052_fake_009.wav,FakeAVCeleb_CelebDF,faceswap-wav2lip,test,4.86,16000
Speaker_id00052,id00052,fake,Speaker_id00052_fake_010.wav,FakeAVCeleb_CelebDF,faceswap-wav2lip,test,4.86,16000
Speaker_id00052,id00052,fake,Speaker_id00052_fake_013.wav,FakeAVCeleb_CelebDF,wav2lip,test,7.87,16000
Speaker_id09174,id09174,real,Speaker_id09174_real_001.wav,FakeAVCeleb_CelebDF,human,train,4.1,16000
Speaker_id09174,id09174,real,Speaker_id09174_real_003.wav,FakeAVCeleb_CelebDF,human,train,4.16,16000
Speaker_id09174,id09174,real,Speaker_id09174_real_005.wav,FakeAVCeleb_CelebDF,human,train,4.1,16000
Speaker_id09174,id09174,real,Speaker_id09174_real_006.wav,FakeAVCeleb_CelebDF,human,train,4.16,16000
Speaker_id09174,id09174,real,Speaker_id09174_real_008.wav,FakeAVCeleb_CelebDF,human,train,4.16,16000
Speaker_id09174,id09174,real,Speaker_id09174_real_009.wav,FakeAVCeleb_CelebDF,human,train,4.16,16000
Speaker_id09174,id09174,real,Speaker_id09174_real_011.wav,FakeAVCeleb_CelebDF,human,train,4.16,16000
Speaker_id09174,id09174,real,Speaker_id09174_real_013.wav,FakeAVCeleb_CelebDF,human,train,4.16,16000
Speaker_id09174,id09174,real,Speaker_id09174_real_015.wav,FakeAVCeleb_CelebDF,human,train,4.16,16000
Speaker_id09174,id09174,fake,Speaker_id09174_fake_001.wav,FakeAVCeleb_CelebDF,fsgan-wav2lip,train,4.16,16000
Speaker_id09174,id09174,fake,Speaker_id09174_fake_003.wav,FakeAVCeleb_CelebDF,wav2lip,train,3.65,16000
Speaker_id09174,id09174,fake,Speaker_id09174_fake_005.wav,FakeAVCeleb_CelebDF,faceswap-wav2lip,train,4.16,16000
Speaker_id09174,id09174,fake,Speaker_id09174_fake_006.wav,FakeAVCeleb_CelebDF,faceswap-wav2lip,train,4.16,16000
Speaker_id09174,id09174,fake,Speaker_id09174_fake_007.wav,FakeAVCeleb_CelebDF,faceswap-wav2lip,train,4.16,16000
Speaker_id09174,id09174,fake,Speaker_id09174_fake_008.wav,FakeAVCeleb_CelebDF,fsgan-wav2lip,train,4.16,16000
Speaker_id09174,id09174,fake,Speaker_id09174_fake_011.wav,FakeAVCeleb_CelebDF,wav2lip,train,2.88,16000
Speaker_id09174,id09174,fake,Speaker_id09174_fake_013.wav,FakeAVCeleb_CelebDF,wav2lip,train,4.16,16000
Speaker_id09174,id09174,fake,Speaker_id09174_fake_014.wav,FakeAVCeleb_CelebDF,wav2lip,train,4.16,16000
Speaker_id09174,id09174,fake,Speaker_id09174_fake_015.wav,FakeAVCeleb_CelebDF,wav2lip,train,4.16,16000
Speaker_id00185,id00185,real,Speaker_id00185_real_001.wav,FakeAVCeleb_CelebDF,human,train,6.21,16000
Speaker_id00185,id00185,real,Speaker_id00185_real_003.wav,FakeAVCeleb_CelebDF,human,train,6.27,16000
Speaker_id00185,id00185,real,Speaker_id00185_real_005.wav,FakeAVCeleb_CelebDF,human,train,6.27,16000
Speaker_id00185,id00185,real,Speaker_id00185_real_007.wav,FakeAVCeleb_CelebDF,human,train,6.27,16000
Speaker_id00185,id00185,real,Speaker_id00185_real_008.wav,FakeAVCeleb_CelebDF,human,train,6.27,16000
Speaker_id00185,id00185,real,Speaker_id00185_real_011.wav,FakeAVCeleb_CelebDF,human,train,6.27,16000
Speaker_id00185,id00185,real,Speaker_id00185_real_013.wav,FakeAVCeleb_CelebDF,human,train,6.21,16000
Speaker_id00185,id00185,fake,Speaker_id00185_fake_001.wav,FakeAVCeleb_CelebDF,fsgan-wav2lip,train,6.27,16000
Speaker_id00185,id00185,fake,Speaker_id00185_fake_002.wav,FakeAVCeleb_CelebDF,fsgan-wav2lip,train,6.27,16000
Speaker_id00185,id00185,fake,Speaker_id00185_fake_007.wav,FakeAVCeleb_CelebDF,wav2lip,train,6.27,16000
Speaker_id00185,id00185,fake,Speaker_id00185_fake_009.wav,FakeAVCeleb_CelebDF,fsgan-wav2lip,train,5.76,16000
Speaker_id00185,id00185,fake,Speaker_id00185_fake_013.wav,FakeAVCeleb_CelebDF,faceswap-wav2lip,train,4.37,16000
Speaker_id00185,id00185,fake,Speaker_id00185_fake_014.wav,FakeAVCeleb_CelebDF,faceswap-wav2lip,train,4.37,16000
Speaker_id00185,id00185,fake,Speaker_id00185_fake_015.wav,FakeAVCeleb_CelebDF,fsgan-wav2lip,train,6.27,16000
Speaker_id02296,id02296,real,Speaker_id02296_real_006.wav,FakeAVCeleb_CelebDF,human,train,5.12,16000
Speaker_id02296,id02296,real,Speaker_id02296_real_007.wav,FakeAVCeleb_CelebDF,human,train,5.06,16000
Speaker_id02296,id02296,real,Speaker_id02296_real_008.wav,FakeAVCeleb_CelebDF,human,train,5.12,16000
Speaker_id02296,id02296,real,Speaker_id02296_real_011.wav,FakeAVCeleb_CelebDF,human,train,5.12,16000
Speaker_id02296,id02296,real,Speaker_id02296_real_012.wav,FakeAVCeleb_CelebDF,human,train,5.12,16000
Speaker_id02296,id02296,real,Speaker_id02296_real_015.wav,FakeAVCeleb_CelebDF,human,train,5.12,16000
Speaker_id02296,id02296,fake,Speaker_id02296_fake_003.wav,FakeAVCeleb_CelebDF,faceswap-wav2lip,train,7.48,16000
Speaker_id02296,id02296,fake,Speaker_id02296_fake_005.wav,FakeAVCeleb_CelebDF,faceswap-wav2lip,train,5.09,16000
Speaker_id02296,id02296,fake,Speaker_id02296_fake_006.wav,FakeAVCeleb_CelebDF,faceswap-wav2lip,train,5.12,16000
Speaker_id02296,id02296,fake,Speaker_id02296_fake_007.wav,FakeAVCeleb_CelebDF,faceswap-wav2lip,train,5.12,16000
Speaker_id02296,id02296,fake,Speaker_id02296_fake_009.wav,FakeAVCeleb_CelebDF,faceswap-wav2lip,train,4.8,16000
Speaker_id02296,id02296,fake,Speaker_id02296_fake_010.wav,FakeAVCeleb_CelebDF,faceswap-wav2lip,train,5.12,16000
Speaker_id02296,id02296,fake,Speaker_id02296_fake_011.wav,FakeAVCeleb_CelebDF,wav2lip,train,5.12,16000
Speaker_id02296,id02296,fake,Speaker_id02296_fake_012.wav,FakeAVCeleb_CelebDF,fsgan-wav2lip,train,3.65,16000
Speaker_id02296,id02296,fake,Speaker_id02296_fake_013.wav,FakeAVCeleb_CelebDF,fsgan-wav2lip,train,5.12,16000
Speaker_id02296,id02296,fake,Speaker_id02296_fake_014.wav,FakeAVCeleb_CelebDF,wav2lip,train,2.44,16000
Speaker_id05845,id05845,real,Speaker_id05845_real_001.wav,FakeAVCeleb_CelebDF,human,train,5.95,16000
Speaker_id05845,id05845,real,Speaker_id05845_real_002.wav,FakeAVCeleb_CelebDF,human,train,5.89,16000
Speaker_id05845,id05845,real,Speaker_id05845_real_003.wav,FakeAVCeleb_CelebDF,human,train,5.95,16000
Speaker_id05845,id05845,real,Speaker_id05845_real_004.wav,FakeAVCeleb_CelebDF,human,train,5.95,16000
Speaker_id05845,id05845,real,Speaker_id05845_real_007.wav,FakeAVCeleb_CelebDF,human,train,5.95,16000
Speaker_id05845,id05845,real,Speaker_id05845_real_011.wav,FakeAVCeleb_CelebDF,human,train,5.89,16000
Speaker_id05845,id05845,real,Speaker_id05845_real_012.wav,FakeAVCeleb_CelebDF,human,train,5.95,16000
Speaker_id05845,id05845,real,Speaker_id05845_real_015.wav,FakeAVCeleb_CelebDF,human,train,4.62,16000
Speaker_id05845,id05845,fake,Speaker_id05845_fake_002.wav,FakeAVCeleb_CelebDF,fsgan-wav2lip,train,5.95,16000
Speaker_id05845,id05845,fake,Speaker_id05845_fake_003.wav,FakeAVCeleb_CelebDF,wav2lip,train,3.78,16000
Speaker_id05845,id05845,fake,Speaker_id05845_fake_005.wav,FakeAVCeleb_CelebDF,wav2lip,train,5.38,16000
Speaker_id05845,id05845,fake,Speaker_id05845_fake_006.wav,FakeAVCeleb_CelebDF,fsgan-wav2lip,train,5.95,16000
Speaker_id05845,id05845,fake,Speaker_id05845_fake_009.wav,FakeAVCeleb_CelebDF,wav2lip,train,1.88,16000
Speaker_id05845,id05845,fake,Speaker_id05845_fake_012.wav,FakeAVCeleb_CelebDF,faceswap-wav2lip,train,5.89,16000
Speaker_id05845,id05845,fake,Speaker_id05845_fake_013.wav,FakeAVCeleb_CelebDF,faceswap-wav2lip,train,4.93,16000
Speaker_id05845,id05845,fake,Speaker_id05845_fake_014.wav,FakeAVCeleb_CelebDF,faceswap-wav2lip,train,5.95,16000
Speaker_id00495,id00495,real,Speaker_id00495_real_001.wav,FakeAVCeleb_CelebDF,human,valid,4.1,16000
Speaker_id00495,id00495,real,Speaker_id00495_real_002.wav,FakeAVCeleb_CelebDF,human,valid,4.29,16000
Speaker_id00495,id00495,real,Speaker_id00495_real_003.wav,FakeAVCeleb_CelebDF,human,valid,4.35,16000
Speaker_id00495,id00495,real,Speaker_id00495_real_006.wav,FakeAVCeleb_CelebDF,human,valid,4.35,16000
Speaker_id00495,id00495,real,Speaker_id00495_real_007.wav,FakeAVCeleb_CelebDF,human,valid,4.35,16000
Speaker_id00495,id00495,real,Speaker_id00495_real_009.wav,FakeAVCeleb_CelebDF,human,valid,4.29,16000
Speaker_id00495,id00495,real,Speaker_id00495_real_010.wav,FakeAVCeleb_CelebDF,human,valid,4.35,16000
Speaker_id00495,id00495,real,Speaker_id00495_real_012.wav,FakeAVCeleb_CelebDF,human,valid,4.35,16000
Speaker_id00495,id00495,real,Speaker_id00495_real_013.wav,FakeAVCeleb_CelebDF,human,valid,4.35,16000
Speaker_id00495,id00495,real,Speaker_id00495_real_015.wav,FakeAVCeleb_CelebDF,human,valid,4.35,16000
Speaker_id00495,id00495,fake,Speaker_id00495_fake_001.wav,FakeAVCeleb_CelebDF,fsgan-wav2lip,valid,4.35,16000
Speaker_id00495,id00495,fake,Speaker_id00495_fake_005.wav,FakeAVCeleb_CelebDF,wav2lip,valid,4.35,16000
Speaker_id00495,id00495,fake,Speaker_id00495_fake_006.wav,FakeAVCeleb_CelebDF,wav2lip,valid,4.29,16000
Speaker_id00495,id00495,fake,Speaker_id00495_fake_008.wav,FakeAVCeleb_CelebDF,faceswap-wav2lip,valid,4.35,16000
Speaker_id00495,id00495,fake,Speaker_id00495_fake_009.wav,FakeAVCeleb_CelebDF,faceswap-wav2lip,valid,4.35,16000
Speaker_id00495,id00495,fake,Speaker_id00495_fake_010.wav,FakeAVCeleb_CelebDF,faceswap-wav2lip,valid,3.26,16000
Speaker_id00495,id00495,fake,Speaker_id00495_fake_011.wav,FakeAVCeleb_CelebDF,faceswap-wav2lip,valid,2.37,16000
Speaker_id00495,id00495,fake,Speaker_id00495_fake_012.wav,FakeAVCeleb_CelebDF,fsgan-wav2lip,valid,4.35,16000
Speaker_id00495,id00495,fake,Speaker_id00495_fake_013.wav,FakeAVCeleb_CelebDF,wav2lip,valid,4.35,16000
Speaker_id00495,id00495,fake,Speaker_id00495_fake_014.wav,FakeAVCeleb_CelebDF,wav2lip,valid,4.35,16000
Speaker_id00100,id00100,real,Speaker_id00100_real_001.wav,FakeAVCeleb_CelebDF,human,valid,6.4,16000
Speaker_id00100,id00100,real,Speaker_id00100_real_002.wav,FakeAVCeleb_CelebDF,human,valid,11.78,16000
Speaker_id00100,id00100,real,Speaker_id00100_real_003.wav,FakeAVCeleb_CelebDF,human,valid,8.9,16000
Speaker_id00100,id00100,real,Speaker_id00100_real_004.wav,FakeAVCeleb_CelebDF,human,valid,6.34,16000
Speaker_id00100,id00100,real,Speaker_id00100_real_005.wav,FakeAVCeleb_CelebDF,human,valid,8.9,16000
Speaker_id00100,id00100,real,Speaker_id00100_real_006.wav,FakeAVCeleb_CelebDF,human,valid,8.96,16000
Speaker_id00100,id00100,real,Speaker_id00100_real_007.wav,FakeAVCeleb_CelebDF,human,valid,6.36,16000
Speaker_id00100,id00100,real,Speaker_id00100_real_008.wav,FakeAVCeleb_CelebDF,human,valid,5.11,16000
Speaker_id00100,id00100,real,Speaker_id00100_real_013.wav,FakeAVCeleb_CelebDF,human,valid,4.95,16000
Speaker_id00100,id00100,fake,Speaker_id00100_fake_001.wav,FakeAVCeleb_CelebDF,faceswap-wav2lip,valid,5.38,16000
Speaker_id00100,id00100,fake,Speaker_id00100_fake_002.wav,FakeAVCeleb_CelebDF,faceswap-wav2lip,valid,5.38,16000
Speaker_id00100,id00100,fake,Speaker_id00100_fake_005.wav,FakeAVCeleb_CelebDF,faceswap-wav2lip,valid,4.18,16000
Speaker_id00100,id00100,fake,Speaker_id00100_fake_008.wav,FakeAVCeleb_CelebDF,faceswap-wav2lip,valid,11.33,16000
Speaker_id00100,id00100,fake,Speaker_id00100_fake_009.wav,FakeAVCeleb_CelebDF,faceswap-wav2lip,valid,4.3,16000
Speaker_id00100,id00100,fake,Speaker_id00100_fake_011.wav,FakeAVCeleb_CelebDF,faceswap-wav2lip,valid,3.95,16000
Speaker_id00100,id00100,fake,Speaker_id00100_fake_013.wav,FakeAVCeleb_CelebDF,faceswap-wav2lip,valid,4.2,16000
Speaker_id00100,id00100,fake,Speaker_id00100_fake_014.wav,FakeAVCeleb_CelebDF,faceswap-wav2lip,valid,8.96,16000
Speaker_id00100,id00100,fake,Speaker_id00100_fake_015.wav,FakeAVCeleb_CelebDF,faceswap-wav2lip,valid,6.25,16000
Speaker_id06066,id06066,real,Speaker_id06066_real_002.wav,FakeAVCeleb_CelebDF,human,train,6.08,16000
Speaker_id06066,id06066,real,Speaker_id06066_real_003.wav,FakeAVCeleb_CelebDF,human,train,6.08,16000
Speaker_id06066,id06066,real,Speaker_id06066_real_004.wav,FakeAVCeleb_CelebDF,human,train,4.78,16000
Speaker_id06066,id06066,real,Speaker_id06066_real_007.wav,FakeAVCeleb_CelebDF,human,train,6.14,16000
Speaker_id06066,id06066,real,Speaker_id06066_real_009.wav,FakeAVCeleb_CelebDF,human,train,6.14,16000
Speaker_id06066,id06066,real,Speaker_id06066_real_011.wav,FakeAVCeleb_CelebDF,human,train,6.14,16000
Speaker_id06066,id06066,real,Speaker_id06066_real_013.wav,FakeAVCeleb_CelebDF,human,train,6.14,16000
Speaker_id06066,id06066,fake,Speaker_id06066_fake_002.wav,FakeAVCeleb_CelebDF,faceswap-wav2lip,train,3.99,16000
Speaker_id06066,id06066,fake,Speaker_id06066_fake_005.wav,FakeAVCeleb_CelebDF,fsgan-wav2lip,train,2.09,16000
Speaker_id06066,id06066,fake,Speaker_id06066_fake_009.wav,FakeAVCeleb_CelebDF,wav2lip,train,4.86,16000
Speaker_id06066,id06066,fake,Speaker_id06066_fake_012.wav,FakeAVCeleb_CelebDF,wav2lip,train,5.18,16000
Speaker_id06066,id06066,fake,Speaker_id06066_fake_014.wav,FakeAVCeleb_CelebDF,wav2lip,train,6.14,16000
Speaker_id00519,id00519,real,Speaker_id00519_real_001.wav,FakeAVCeleb_CelebDF,human,train,4.22,16000
Speaker_id00519,id00519,real,Speaker_id00519_real_002.wav,FakeAVCeleb_CelebDF,human,train,4.16,16000
Speaker_id00519,id00519,real,Speaker_id00519_real_003.wav,FakeAVCeleb_CelebDF,human,train,4.22,16000
Speaker_id00519,id00519,real,Speaker_id00519_real_005.wav,FakeAVCeleb_CelebDF,human,train,4.22,16000
Speaker_id00519,id00519,real,Speaker_id00519_real_008.wav,FakeAVCeleb_CelebDF,human,train,4.22,16000
Speaker_id00519,id00519,real,Speaker_id00519_real_011.wav,FakeAVCeleb_CelebDF,human,train,4.22,16000
Speaker_id00519,id00519,real,Speaker_id00519_real_014.wav,FakeAVCeleb_CelebDF,human,train,4.22,16000
Speaker_id00519,id00519,real,Speaker_id00519_real_015.wav,FakeAVCeleb_CelebDF,human,train,4.16,16000
Speaker_id00519,id00519,fake,Speaker_id00519_fake_001.wav,FakeAVCeleb_CelebDF,wav2lip,train,4.22,16000
Speaker_id00519,id00519,fake,Speaker_id00519_fake_002.wav,FakeAVCeleb_CelebDF,fsgan-wav2lip,train,3.84,16000
Speaker_id00519,id00519,fake,Speaker_id00519_fake_004.wav,FakeAVCeleb_CelebDF,wav2lip,train,4.22,16000
Speaker_id00519,id00519,fake,Speaker_id00519_fake_007.wav,FakeAVCeleb_CelebDF,wav2lip,train,4.22,16000
Speaker_id00519,id00519,fake,Speaker_id00519_fake_009.wav,FakeAVCeleb_CelebDF,fsgan-wav2lip,train,4.22,16000
Speaker_id00519,id00519,fake,Speaker_id00519_fake_010.wav,FakeAVCeleb_CelebDF,fsgan-wav2lip,train,2.62,16000
Speaker_id00519,id00519,fake,Speaker_id00519_fake_011.wav,FakeAVCeleb_CelebDF,wav2lip,train,4.22,16000
Speaker_id00519,id00519,fake,Speaker_id00519_fake_012.wav,FakeAVCeleb_CelebDF,fsgan-wav2lip,train,4.22,16000
Speaker_id00519,id00519,fake,Speaker_id00519_fake_014.wav,FakeAVCeleb_CelebDF,wav2lip,train,3.39,16000
Speaker_id00519,id00519,fake,Speaker_id00519_fake_015.wav,FakeAVCeleb_CelebDF,wav2lip,train,4.22,16000
Speaker_id04374,id04374,real,Speaker_id04374_real_001.wav,FakeAVCeleb_CelebDF,human,test,5.6,16000
Speaker_id04374,id04374,real,Speaker_id04374_real_002.wav,FakeAVCeleb_CelebDF,human,test,6.53,16000
Speaker_id04374,id04374,real,Speaker_id04374_real_003.wav,FakeAVCeleb_CelebDF,human,test,5.06,16000
Speaker_id04374,id04374,real,Speaker_id04374_real_004.wav,FakeAVCeleb_CelebDF,human,test,6.46,16000
Speaker_id04374,id04374,real,Speaker_id04374_real_007.wav,FakeAVCeleb_CelebDF,human,test,5.39,16000
Speaker_id04374,id04374,real,Speaker_id04374_real_008.wav,FakeAVCeleb_CelebDF,human,test,6.53,16000
Speaker_id04374,id04374,real,Speaker_id04374_real_011.wav,FakeAVCeleb_CelebDF,human,test,6.53,16000
Speaker_id04374,id04374,real,Speaker_id04374_real_012.wav,FakeAVCeleb_CelebDF,human,test,6.53,16000
Speaker_id04374,id04374,real,Speaker_id04374_real_014.wav,FakeAVCeleb_CelebDF,human,test,6.46,16000
Speaker_id04374,id04374,fake,Speaker_id04374_fake_005.wav,FakeAVCeleb_CelebDF,wav2lip,test,5.06,16000
Speaker_id04374,id04374,fake,Speaker_id04374_fake_006.wav,FakeAVCeleb_CelebDF,wav2lip,test,5.34,16000
Speaker_id04374,id04374,fake,Speaker_id04374_fake_007.wav,FakeAVCeleb_CelebDF,wav2lip,test,4.48,16000
Speaker_id04374,id04374,fake,Speaker_id04374_fake_008.wav,FakeAVCeleb_CelebDF,fsgan-wav2lip,test,5.57,16000
Speaker_id04374,id04374,fake,Speaker_id04374_fake_009.wav,FakeAVCeleb_CelebDF,fsgan-wav2lip,test,4.06,16000
Speaker_id04374,id04374,fake,Speaker_id04374_fake_013.wav,FakeAVCeleb_CelebDF,faceswap-wav2lip,test,5.5,16000
Speaker_id04374,id04374,fake,Speaker_id04374_fake_014.wav,FakeAVCeleb_CelebDF,faceswap-wav2lip,test,3.95,16000
Speaker_id04774,id04774,real,Speaker_id04774_real_001.wav,FakeAVCeleb_CelebDF,human,test,4.54,16000
Speaker_id04774,id04774,real,Speaker_id04774_real_002.wav,FakeAVCeleb_CelebDF,human,test,4.54,16000
Speaker_id04774,id04774,real,Speaker_id04774_real_003.wav,FakeAVCeleb_CelebDF,human,test,4.48,16000
Speaker_id04774,id04774,real,Speaker_id04774_real_005.wav,FakeAVCeleb_CelebDF,human,test,4.54,16000
Speaker_id04774,id04774,real,Speaker_id04774_real_012.wav,FakeAVCeleb_CelebDF,human,test,4.54,16000
Speaker_id04774,id04774,real,Speaker_id04774_real_014.wav,FakeAVCeleb_CelebDF,human,test,4.54,16000
Speaker_id04774,id04774,fake,Speaker_id04774_fake_002.wav,FakeAVCeleb_CelebDF,fsgan-wav2lip,test,4.54,16000
Speaker_id04774,id04774,fake,Speaker_id04774_fake_003.wav,FakeAVCeleb_CelebDF,fsgan-wav2lip,test,4.54,16000
Speaker_id04774,id04774,fake,Speaker_id04774_fake_006.wav,FakeAVCeleb_CelebDF,fsgan-wav2lip,test,3.84,16000
Speaker_id04774,id04774,fake,Speaker_id04774_fake_009.wav,FakeAVCeleb_CelebDF,fsgan-wav2lip,test,4.54,16000
Speaker_id04774,id04774,fake,Speaker_id04774_fake_014.wav,FakeAVCeleb_CelebDF,faceswap-wav2lip,test,4.54,16000
Speaker_id04774,id04774,fake,Speaker_id04774_fake_015.wav,FakeAVCeleb_CelebDF,faceswap-wav2lip,test,4.54,16000
Speaker_id01096,id01096,real,Speaker_id01096_real_001.wav,FakeAVCeleb_CelebDF,human,train,13.89,16000
Speaker_id01096,id01096,real,Speaker_id01096_real_008.wav,FakeAVCeleb_CelebDF,human,train,13.89,16000
Speaker_id01096,id01096,real,Speaker_id01096_real_009.wav,FakeAVCeleb_CelebDF,human,train,10.82,16000
Speaker_id01096,id01096,real,Speaker_id01096_real_011.wav,FakeAVCeleb_CelebDF,human,train,8.24,16000
Speaker_id01096,id01096,real,Speaker_id01096_real_012.wav,FakeAVCeleb_CelebDF,human,train,5.43,16000
Speaker_id01096,id01096,real,Speaker_id01096_real_015.wav,FakeAVCeleb_CelebDF,human,train,4.67,16000
Speaker_id01096,id01096,fake,Speaker_id01096_fake_001.wav,FakeAVCeleb_CelebDF,wav2lip,train,9.71,16000
Speaker_id01096,id01096,fake,Speaker_id01096_fake_003.wav,FakeAVCeleb_CelebDF,wav2lip,train,7.87,16000
Speaker_id01096,id01096,fake,Speaker_id01096_fake_004.wav,FakeAVCeleb_CelebDF,wav2lip,train,7.8,16000
Speaker_id01096,id01096,fake,Speaker_id01096_fake_006.wav,FakeAVCeleb_CelebDF,fsgan-wav2lip,train,4.97,16000
Speaker_id01096,id01096,fake,Speaker_id01096_fake_011.wav,FakeAVCeleb_CelebDF,faceswap-wav2lip,train,6.57,16000
Speaker_id01096,id01096,fake,Speaker_id01096_fake_012.wav,FakeAVCeleb_CelebDF,faceswap-wav2lip,train,9.85,16000
Speaker_id01096,id01096,fake,Speaker_id01096_fake_014.wav,FakeAVCeleb_CelebDF,fsgan-wav2lip,train,5.41,16000
Speaker_id01096,id01096,fake,Speaker_id01096_fake_015.wav,FakeAVCeleb_CelebDF,wav2lip,train,8.5,16000
Speaker_id01238,id01238,real,Speaker_id01238_real_001.wav,FakeAVCeleb_CelebDF,human,train,7.1,16000
Speaker_id01238,id01238,real,Speaker_id01238_real_002.wav,FakeAVCeleb_CelebDF,human,train,4.35,16000
Speaker_id01238,id01238,real,Speaker_id01238_real_004.wav,FakeAVCeleb_CelebDF,human,train,4.35,16000
Speaker_id01238,id01238,real,Speaker_id01238_real_005.wav,FakeAVCeleb_CelebDF,human,train,4.42,16000
Speaker_id01238,id01238,real,Speaker_id01238_real_007.wav,FakeAVCeleb_CelebDF,human,train,4.42,16000
Speaker_id01238,id01238,real,Speaker_id01238_real_009.wav,FakeAVCeleb_CelebDF,human,train,4.42,16000
Speaker_id01238,id01238,real,Speaker_id01238_real_011.wav,FakeAVCeleb_CelebDF,human,train,4.42,16000
Speaker_id01238,id01238,real,Speaker_id01238_real_012.wav,FakeAVCeleb_CelebDF,human,train,4.42,16000
Speaker_id01238,id01238,real,Speaker_id01238_real_014.wav,FakeAVCeleb_CelebDF,human,train,4.42,16000
Speaker_id01238,id01238,fake,Speaker_id01238_fake_001.wav,FakeAVCeleb_CelebDF,wav2lip,train,4.42,16000
Speaker_id01238,id01238,fake,Speaker_id01238_fake_002.wav,FakeAVCeleb_CelebDF,fsgan-wav2lip,train,4.22,16000
Speaker_id01238,id01238,fake,Speaker_id01238_fake_004.wav,FakeAVCeleb_CelebDF,faceswap-wav2lip,train,4.42,16000
Speaker_id01238,id01238,fake,Speaker_id01238_fake_005.wav,FakeAVCeleb_CelebDF,faceswap-wav2lip,train,4.42,16000
Speaker_id01238,id01238,fake,Speaker_id01238_fake_006.wav,FakeAVCeleb_CelebDF,faceswap-wav2lip,train,4.42,16000
Speaker_id01238,id01238,fake,Speaker_id01238_fake_007.wav,FakeAVCeleb_CelebDF,faceswap-wav2lip,train,4.42,16000
Speaker_id01238,id01238,fake,Speaker_id01238_fake_008.wav,FakeAVCeleb_CelebDF,faceswap-wav2lip,train,4.42,16000
Speaker_id01238,id01238,fake,Speaker_id01238_fake_009.wav,FakeAVCeleb_CelebDF,fsgan-wav2lip,train,4.42,16000
Speaker_id01238,id01238,fake,Speaker_id01238_fake_011.wav,FakeAVCeleb_CelebDF,fsgan-wav2lip,train,3.84,16000
Speaker_id01238,id01238,fake,Speaker_id01238_fake_014.wav,FakeAVCeleb_CelebDF,fsgan-wav2lip,train,4.42,16000
Speaker_id00231,id00231,real,Speaker_id00231_real_003.wav,FakeAVCeleb_CelebDF,human,test,7.1,16000
Speaker_id00231,id00231,real,Speaker_id00231_real_004.wav,FakeAVCeleb_CelebDF,human,test,7.17,16000
Speaker_id00231,id00231,real,Speaker_id00231_real_007.wav,FakeAVCeleb_CelebDF,human,test,7.17,16000
Speaker_id00231,id00231,real,Speaker_id00231_real_009.wav,FakeAVCeleb_CelebDF,human,test,7.17,16000
Speaker_id00231,id00231,fake,Speaker_id00231_fake_003.wav,FakeAVCeleb_CelebDF,fsgan-wav2lip,test,3.34,16000
Speaker_id00231,id00231,fake,Speaker_id00231_fake_007.wav,FakeAVCeleb_CelebDF,fsgan-wav2lip,test,7.17,16000
Speaker_id00231,id00231,fake,Speaker_id00231_fake_008.wav,FakeAVCeleb_CelebDF,wav2lip,test,7.17,16000
Speaker_id00231,id00231,fake,Speaker_id00231_fake_009.wav,FakeAVCeleb_CelebDF,fsgan-wav2lip,test,6.46,16000
Speaker_id00231,id00231,fake,Speaker_id00231_fake_010.wav,FakeAVCeleb_CelebDF,fsgan-wav2lip,test,5.38,16000
Speaker_id02586,id02586,real,Speaker_id02586_real_001.wav,FakeAVCeleb_CelebDF,human,test,4.16,16000
Speaker_id02586,id02586,real,Speaker_id02586_real_002.wav,FakeAVCeleb_CelebDF,human,test,4.16,16000
Speaker_id02586,id02586,real,Speaker_id02586_real_003.wav,FakeAVCeleb_CelebDF,human,test,4.1,16000
Speaker_id02586,id02586,real,Speaker_id02586_real_004.wav,FakeAVCeleb_CelebDF,human,test,4.16,16000
Speaker_id02586,id02586,real,Speaker_id02586_real_005.wav,FakeAVCeleb_CelebDF,human,test,4.16,16000
Speaker_id02586,id02586,real,Speaker_id02586_real_011.wav,FakeAVCeleb_CelebDF,human,test,4.16,16000
Speaker_id02586,id02586,real,Speaker_id02586_real_013.wav,FakeAVCeleb_CelebDF,human,test,4.16,16000
Speaker_id02586,id02586,real,Speaker_id02586_real_015.wav,FakeAVCeleb_CelebDF,human,test,4.16,16000
Speaker_id02586,id02586,fake,Speaker_id02586_fake_001.wav,FakeAVCeleb_CelebDF,wav2lip,test,4.16,16000
Speaker_id02586,id02586,fake,Speaker_id02586_fake_002.wav,FakeAVCeleb_CelebDF,wav2lip,test,4.16,16000
Speaker_id02586,id02586,fake,Speaker_id02586_fake_004.wav,FakeAVCeleb_CelebDF,wav2lip,test,3.52,16000
Speaker_id02586,id02586,fake,Speaker_id02586_fake_005.wav,FakeAVCeleb_CelebDF,wav2lip,test,4.16,16000
Speaker_id02586,id02586,fake,Speaker_id02586_fake_006.wav,FakeAVCeleb_CelebDF,fsgan-wav2lip,test,4.16,16000
Speaker_id02586,id02586,fake,Speaker_id02586_fake_008.wav,FakeAVCeleb_CelebDF,wav2lip,test,4.16,16000
Speaker_id02586,id02586,fake,Speaker_id02586_fake_009.wav,FakeAVCeleb_CelebDF,fsgan-wav2lip,test,3.52,16000
Speaker_id02586,id02586,fake,Speaker_id02586_fake_010.wav,FakeAVCeleb_CelebDF,fsgan-wav2lip,test,4.16,16000
Speaker_id02586,id02586,fake,Speaker_id02586_fake_011.wav,FakeAVCeleb_CelebDF,fsgan-wav2lip,test,4.16,16000
Speaker_id02586,id02586,fake,Speaker_id02586_fake_012.wav,FakeAVCeleb_CelebDF,wav2lip,test,4.16,16000
Speaker_id02586,id02586,fake,Speaker_id02586_fake_013.wav,FakeAVCeleb_CelebDF,faceswap-wav2lip,test,4.16,16000
Speaker_id02586,id02586,fake,Speaker_id02586_fake_014.wav,FakeAVCeleb_CelebDF,faceswap-wav2lip,test,4.16,16000
Speaker_id00145,id00145,real,Speaker_id00145_real_001.wav,FakeAVCeleb_CelebDF,human,train,6.34,16000
Speaker_id00145,id00145,real,Speaker_id00145_real_004.wav,FakeAVCeleb_CelebDF,human,train,6.4,16000
Speaker_id00145,id00145,real,Speaker_id00145_real_007.wav,FakeAVCeleb_CelebDF,human,train,6.27,16000
Speaker_id00145,id00145,real,Speaker_id00145_real_009.wav,FakeAVCeleb_CelebDF,human,train,6.4,16000
Speaker_id00145,id00145,real,Speaker_id00145_real_012.wav,FakeAVCeleb_CelebDF,human,train,6.34,16000
Speaker_id00145,id00145,real,Speaker_id00145_real_013.wav,FakeAVCeleb_CelebDF,human,train,6.4,16000
Speaker_id00145,id00145,real,Speaker_id00145_real_014.wav,FakeAVCeleb_CelebDF,human,train,6.4,16000
Speaker_id00145,id00145,fake,Speaker_id00145_fake_001.wav,FakeAVCeleb_CelebDF,fsgan-wav2lip,train,6.4,16000
Speaker_id00145,id00145,fake,Speaker_id00145_fake_002.wav,FakeAVCeleb_CelebDF,wav2lip,train,6.4,16000
Speaker_id00145,id00145,fake,Speaker_id00145_fake_009.wav,FakeAVCeleb_CelebDF,fsgan-wav2lip,train,6.4,16000
Speaker_id04547,id04547,real,Speaker_id04547_real_002.wav,FakeAVCeleb_CelebDF,human,valid,5.06,16000
Speaker_id04547,id04547,real,Speaker_id04547_real_004.wav,FakeAVCeleb_CelebDF,human,valid,5.12,16000
Speaker_id04547,id04547,real,Speaker_id04547_real_006.wav,FakeAVCeleb_CelebDF,human,valid,5.12,16000
Speaker_id04547,id04547,real,Speaker_id04547_real_007.wav,FakeAVCeleb_CelebDF,human,valid,5.12,16000
Speaker_id04547,id04547,real,Speaker_id04547_real_013.wav,FakeAVCeleb_CelebDF,human,valid,5.12,16000
Speaker_id04547,id04547,real,Speaker_id04547_real_014.wav,FakeAVCeleb_CelebDF,human,valid,4.71,16000
Speaker_id04547,id04547,fake,Speaker_id04547_fake_003.wav,FakeAVCeleb_CelebDF,faceswap-wav2lip,valid,7.1,16000
Speaker_id04547,id04547,fake,Speaker_id04547_fake_005.wav,FakeAVCeleb_CelebDF,faceswap-wav2lip,valid,3.23,16000
Speaker_id04547,id04547,fake,Speaker_id04547_fake_006.wav,FakeAVCeleb_CelebDF,wav2lip,valid,5.12,16000
Speaker_id04547,id04547,fake,Speaker_id04547_fake_010.wav,FakeAVCeleb_CelebDF,wav2lip,valid,5.12,16000
Speaker_id04547,id04547,fake,Speaker_id04547_fake_012.wav,FakeAVCeleb_CelebDF,wav2lip,valid,5.12,16000
Speaker_id04547,id04547,fake,Speaker_id04547_fake_013.wav,FakeAVCeleb_CelebDF,fsgan-wav2lip,valid,5.12,16000
Speaker_id04547,id04547,fake,Speaker_id04547_fake_014.wav,FakeAVCeleb_CelebDF,fsgan-wav2lip,valid,5.12,16000
Speaker_id04490,id04490,real,Speaker_id04490_real_001.wav,FakeAVCeleb_CelebDF,human,test,4.16,16000
Speaker_id04490,id04490,real,Speaker_id04490_real_002.wav,FakeAVCeleb_CelebDF,human,test,4.1,16000
Speaker_id04490,id04490,real,Speaker_id04490_real_005.wav,FakeAVCeleb_CelebDF,human,test,4.1,16000
Speaker_id04490,id04490,real,Speaker_id04490_real_006.wav,FakeAVCeleb_CelebDF,human,test,4.16,16000
Speaker_id04490,id04490,real,Speaker_id04490_real_007.wav,FakeAVCeleb_CelebDF,human,test,4.16,16000
Speaker_id04490,id04490,real,Speaker_id04490_real_010.wav,FakeAVCeleb_CelebDF,human,test,4.16,16000
Speaker_id04490,id04490,real,Speaker_id04490_real_011.wav,FakeAVCeleb_CelebDF,human,test,4.16,16000
Speaker_id04490,id04490,real,Speaker_id04490_real_013.wav,FakeAVCeleb_CelebDF,human,test,4.16,16000
Speaker_id04490,id04490,real,Speaker_id04490_real_015.wav,FakeAVCeleb_CelebDF,human,test,4.16,16000
Speaker_id04490,id04490,fake,Speaker_id04490_fake_001.wav,FakeAVCeleb_CelebDF,wav2lip,test,4.16,16000
Speaker_id04490,id04490,fake,Speaker_id04490_fake_002.wav,FakeAVCeleb_CelebDF,fsgan-wav2lip,test,4.16,16000
Speaker_id04490,id04490,fake,Speaker_id04490_fake_003.wav,FakeAVCeleb_CelebDF,fsgan-wav2lip,test,4.16,16000
Speaker_id04490,id04490,fake,Speaker_id04490_fake_004.wav,FakeAVCeleb_CelebDF,wav2lip,test,4.16,16000
Speaker_id04490,id04490,fake,Speaker_id04490_fake_007.wav,FakeAVCeleb_CelebDF,faceswap-wav2lip,test,3.58,16000
Speaker_id04490,id04490,fake,Speaker_id04490_fake_009.wav,FakeAVCeleb_CelebDF,faceswap-wav2lip,test,2.88,16000
Speaker_id04490,id04490,fake,Speaker_id04490_fake_010.wav,FakeAVCeleb_CelebDF,faceswap-wav2lip,test,4.16,16000
Speaker_id04490,id04490,fake,Speaker_id04490_fake_011.wav,FakeAVCeleb_CelebDF,fsgan-wav2lip,test,4.16,16000
Speaker_id04490,id04490,fake,Speaker_id04490_fake_013.wav,FakeAVCeleb_CelebDF,wav2lip,test,4.16,16000
Speaker_id04490,id04490,fake,Speaker_id04490_fake_014.wav,FakeAVCeleb_CelebDF,fsgan-wav2lip,test,4.16,16000
Speaker_id04490,id04490,fake,Speaker_id04490_fake_015.wav,FakeAVCeleb_CelebDF,wav2lip,test,4.16,16000
Speaker_id09143,id09143,real,Speaker_id09143_real_001.wav,FakeAVCeleb_CelebDF,human,train,4.1,16000
Speaker_id09143,id09143,real,Speaker_id09143_real_002.wav,FakeAVCeleb_CelebDF,human,train,4.03,16000
Speaker_id09143,id09143,real,Speaker_id09143_real_003.wav,FakeAVCeleb_CelebDF,human,train,4.03,16000
Speaker_id09143,id09143,real,Speaker_id09143_real_006.wav,FakeAVCeleb_CelebDF,human,train,4.1,16000
Speaker_id09143,id09143,real,Speaker_id09143_real_007.wav,FakeAVCeleb_CelebDF,human,train,4.1,16000
Speaker_id09143,id09143,real,Speaker_id09143_real_009.wav,FakeAVCeleb_CelebDF,human,train,4.1,16000
Speaker_id09143,id09143,real,Speaker_id09143_real_011.wav,FakeAVCeleb_CelebDF,human,train,4.1,16000
Speaker_id09143,id09143,real,Speaker_id09143_real_012.wav,FakeAVCeleb_CelebDF,human,train,4.1,16000
Speaker_id09143,id09143,real,Speaker_id09143_real_013.wav,FakeAVCeleb_CelebDF,human,train,4.1,16000
Speaker_id09143,id09143,real,Speaker_id09143_real_015.wav,FakeAVCeleb_CelebDF,human,train,4.1,16000
Speaker_id09143,id09143,fake,Speaker_id09143_fake_001.wav,FakeAVCeleb_CelebDF,wav2lip,train,2.24,16000
Speaker_id09143,id09143,fake,Speaker_id09143_fake_002.wav,FakeAVCeleb_CelebDF,faceswap-wav2lip,train,4.1,16000
Speaker_id09143,id09143,fake,Speaker_id09143_fake_003.wav,FakeAVCeleb_CelebDF,faceswap-wav2lip,train,4.1,16000
Speaker_id09143,id09143,fake,Speaker_id09143_fake_004.wav,FakeAVCeleb_CelebDF,faceswap-wav2lip,train,2.94,16000
Speaker_id09143,id09143,fake,Speaker_id09143_fake_005.wav,FakeAVCeleb_CelebDF,faceswap-wav2lip,train,4.1,16000
Speaker_id09143,id09143,fake,Speaker_id09143_fake_007.wav,FakeAVCeleb_CelebDF,fsgan-wav2lip,train,4.1,16000
Speaker_id09143,id09143,fake,Speaker_id09143_fake_011.wav,FakeAVCeleb_CelebDF,fsgan-wav2lip,train,3.46,16000
Speaker_id09143,id09143,fake,Speaker_id09143_fake_012.wav,FakeAVCeleb_CelebDF,wav2lip,train,3.71,16000
Speaker_id09143,id09143,fake,Speaker_id09143_fake_015.wav,FakeAVCeleb_CelebDF,wav2lip,train,3.2,16000
Speaker_id03945,id03945,real,Speaker_id03945_real_001.wav,FakeAVCeleb_CelebDF,human,valid,6.85,16000
Speaker_id03945,id03945,real,Speaker_id03945_real_002.wav,FakeAVCeleb_CelebDF,human,valid,6.11,16000
Speaker_id03945,id03945,real,Speaker_id03945_real_005.wav,FakeAVCeleb_CelebDF,human,valid,4.04,16000
Speaker_id03945,id03945,real,Speaker_id03945_real_008.wav,FakeAVCeleb_CelebDF,human,valid,6.06,16000
Speaker_id03945,id03945,real,Speaker_id03945_real_009.wav,FakeAVCeleb_CelebDF,human,valid,4.71,16000
Speaker_id03945,id03945,real,Speaker_id03945_real_011.wav,FakeAVCeleb_CelebDF,human,valid,6.71,16000
Speaker_id03945,id03945,real,Speaker_id03945_real_012.wav,FakeAVCeleb_CelebDF,human,valid,6.91,16000
Speaker_id03945,id03945,real,Speaker_id03945_real_015.wav,FakeAVCeleb_CelebDF,human,valid,4.78,16000
Speaker_id03945,id03945,fake,Speaker_id03945_fake_001.wav,FakeAVCeleb_CelebDF,fsgan-wav2lip,valid,4.27,16000
Speaker_id03945,id03945,fake,Speaker_id03945_fake_003.wav,FakeAVCeleb_CelebDF,wav2lip,valid,6.02,16000
Speaker_id03945,id03945,fake,Speaker_id03945_fake_004.wav,FakeAVCeleb_CelebDF,wav2lip,valid,4.69,16000
Speaker_id03945,id03945,fake,Speaker_id03945_fake_007.wav,FakeAVCeleb_CelebDF,wav2lip,valid,6.91,16000
Speaker_id03945,id03945,fake,Speaker_id03945_fake_010.wav,FakeAVCeleb_CelebDF,wav2lip,valid,6.91,16000
Speaker_id03945,id03945,fake,Speaker_id03945_fake_011.wav,FakeAVCeleb_CelebDF,wav2lip,valid,5.11,16000
Speaker_id03945,id03945,fake,Speaker_id03945_fake_012.wav,FakeAVCeleb_CelebDF,wav2lip,valid,4.27,16000
Speaker_id03945,id03945,fake,Speaker_id03945_fake_013.wav,FakeAVCeleb_CelebDF,wav2lip,valid,4.25,16000
Speaker_id03945,id03945,fake,Speaker_id03945_fake_015.wav,FakeAVCeleb_CelebDF,faceswap-wav2lip,valid,6.04,16000
Speaker_id04070,id04070,real,Speaker_id04070_real_002.wav,FakeAVCeleb_CelebDF,human,train,5.82,16000
Speaker_id04070,id04070,real,Speaker_id04070_real_003.wav,FakeAVCeleb_CelebDF,human,train,5.82,16000
Speaker_id04070,id04070,real,Speaker_id04070_real_004.wav,FakeAVCeleb_CelebDF,human,train,5.76,16000
Speaker_id04070,id04070,real,Speaker_id04070_real_007.wav,FakeAVCeleb_CelebDF,human,train,5.39,16000
Speaker_id04070,id04070,real,Speaker_id04070_real_013.wav,FakeAVCeleb_CelebDF,human,train,5.32,16000
Speaker_id04070,id04070,fake,Speaker_id04070_fake_004.wav,FakeAVCeleb_CelebDF,wav2lip,train,5.82,16000
Speaker_id04070,id04070,fake,Speaker_id04070_fake_006.wav,FakeAVCeleb_CelebDF,wav2lip,train,5.76,16000
Speaker_id04070,id04070,fake,Speaker_id04070_fake_011.wav,FakeAVCeleb_CelebDF,fsgan-wav2lip,train,4.93,16000
Speaker_id04070,id04070,fake,Speaker_id04070_fake_015.wav,FakeAVCeleb_CelebDF,wav2lip,train,5.82,16000
Speaker_id00763,id00763,real,Speaker_id00763_real_001.wav,FakeAVCeleb_CelebDF,human,test,8.58,16000
Speaker_id00763,id00763,real,Speaker_id00763_real_002.wav,FakeAVCeleb_CelebDF,human,test,4.23,16000
Speaker_id00763,id00763,real,Speaker_id00763_real_003.wav,FakeAVCeleb_CelebDF,human,test,8.08,16000
Speaker_id00763,id00763,real,Speaker_id00763_real_005.wav,FakeAVCeleb_CelebDF,human,test,8.58,16000
Speaker_id00763,id00763,real,Speaker_id00763_real_006.wav,FakeAVCeleb_CelebDF,human,test,7.87,16000
Speaker_id00763,id00763,real,Speaker_id00763_real_010.wav,FakeAVCeleb_CelebDF,human,test,8.64,16000
Speaker_id00763,id00763,real,Speaker_id00763_real_013.wav,FakeAVCeleb_CelebDF,human,test,8.64,16000
Speaker_id00763,id00763,real,Speaker_id00763_real_014.wav,FakeAVCeleb_CelebDF,human,test,8.64,16000
Speaker_id00763,id00763,fake,Speaker_id00763_fake_001.wav,FakeAVCeleb_CelebDF,wav2lip,test,6.91,16000
Speaker_id00763,id00763,fake,Speaker_id00763_fake_005.wav,FakeAVCeleb_CelebDF,faceswap-wav2lip,test,6.04,16000
Speaker_id00763,id00763,fake,Speaker_id00763_fake_008.wav,FakeAVCeleb_CelebDF,wav2lip,test,5.09,16000
Speaker_id00763,id00763,fake,Speaker_id00763_fake_010.wav,FakeAVCeleb_CelebDF,fsgan-wav2lip,test,1.88,16000
Speaker_id00763,id00763,fake,Speaker_id00763_fake_012.wav,FakeAVCeleb_CelebDF,rtvc,test,8.6,16000
Speaker_id03678,id03678,real,Speaker_id03678_real_002.wav,FakeAVCeleb_CelebDF,human,train,4.86,16000
Speaker_id03678,id03678,real,Speaker_id03678_real_003.wav,FakeAVCeleb_CelebDF,human,train,4.76,16000
Speaker_id03678,id03678,real,Speaker_id03678_real_010.wav,FakeAVCeleb_CelebDF,human,train,4.23,16000
Speaker_id03678,id03678,real,Speaker_id03678_real_013.wav,FakeAVCeleb_CelebDF,human,train,4.93,16000
Speaker_id03678,id03678,fake,Speaker_id03678_fake_001.wav,FakeAVCeleb_CelebDF,fsgan-wav2lip,train,4.93,16000
Speaker_id03678,id03678,fake,Speaker_id03678_fake_003.wav,FakeAVCeleb_CelebDF,wav2lip,train,4.93,16000
Speaker_id03678,id03678,fake,Speaker_id03678_fake_004.wav,FakeAVCeleb_CelebDF,wav2lip,train,4.03,16000
Speaker_id03678,id03678,fake,Speaker_id03678_fake_005.wav,FakeAVCeleb_CelebDF,fsgan-wav2lip,train,4.93,16000
Speaker_id03678,id03678,fake,Speaker_id03678_fake_006.wav,FakeAVCeleb_CelebDF,fsgan-wav2lip,train,4.93,16000
Speaker_id03678,id03678,fake,Speaker_id03678_fake_009.wav,FakeAVCeleb_CelebDF,wav2lip,train,4.74,16000
Speaker_id03678,id03678,fake,Speaker_id03678_fake_011.wav,FakeAVCeleb_CelebDF,fsgan-wav2lip,train,4.93,16000
Speaker_id03678,id03678,fake,Speaker_id03678_fake_012.wav,FakeAVCeleb_CelebDF,wav2lip,train,4.93,16000
Speaker_id03678,id03678,fake,Speaker_id03678_fake_013.wav,FakeAVCeleb_CelebDF,wav2lip,train,4.93,16000
Speaker_id03678,id03678,fake,Speaker_id03678_fake_015.wav,FakeAVCeleb_CelebDF,fsgan-wav2lip,train,4.93,16000
Speaker_id00225,id00225,real,Speaker_id00225_real_002.wav,FakeAVCeleb_CelebDF,human,valid,13.44,16000
Speaker_id00225,id00225,real,Speaker_id00225_real_007.wav,FakeAVCeleb_CelebDF,human,valid,13.5,16000
Speaker_id00225,id00225,real,Speaker_id00225_real_010.wav,FakeAVCeleb_CelebDF,human,valid,13.5,16000
Speaker_id00225,id00225,real,Speaker_id00225_real_014.wav,FakeAVCeleb_CelebDF,human,valid,6.39,16000
Speaker_id00225,id00225,fake,Speaker_id00225_fake_002.wav,FakeAVCeleb_CelebDF,fsgan-wav2lip,valid,10.5,16000
Speaker_id00225,id00225,fake,Speaker_id00225_fake_003.wav,FakeAVCeleb_CelebDF,fsgan-wav2lip,valid,5.09,16000
Speaker_id00225,id00225,fake,Speaker_id00225_fake_005.wav,FakeAVCeleb_CelebDF,wav2lip,valid,11.33,16000
Speaker_id00225,id00225,fake,Speaker_id00225_fake_007.wav,FakeAVCeleb_CelebDF,wav2lip,valid,13.5,16000
Speaker_id00225,id00225,fake,Speaker_id00225_fake_010.wav,FakeAVCeleb_CelebDF,wav2lip,valid,8.1,16000
Speaker_id00225,id00225,fake,Speaker_id00225_fake_014.wav,FakeAVCeleb_CelebDF,faceswap-wav2lip,valid,6.36,16000
Speaker_id03620,id03620,real,Speaker_id03620_real_002.wav,FakeAVCeleb_CelebDF,human,train,13.5,16000
Speaker_id03620,id03620,real,Speaker_id03620_real_010.wav,FakeAVCeleb_CelebDF,human,train,5.39,16000
Speaker_id03620,id03620,real,Speaker_id03620_real_012.wav,FakeAVCeleb_CelebDF,human,train,13.5,16000
Speaker_id03620,id03620,real,Speaker_id03620_real_014.wav,FakeAVCeleb_CelebDF,human,train,8.8,16000
Speaker_id03620,id03620,fake,Speaker_id03620_fake_001.wav,FakeAVCeleb_CelebDF,wav2lip,train,11.63,16000
Speaker_id03620,id03620,fake,Speaker_id03620_fake_004.wav,FakeAVCeleb_CelebDF,fsgan-wav2lip,train,11.52,16000
Speaker_id03620,id03620,fake,Speaker_id03620_fake_010.wav,FakeAVCeleb_CelebDF,faceswap-wav2lip,train,7.27,16000
Speaker_id03620,id03620,fake,Speaker_id03620_fake_012.wav,FakeAVCeleb_CelebDF,faceswap-wav2lip,train,6.76,16000
Speaker_id03620,id03620,fake,Speaker_id03620_fake_013.wav,FakeAVCeleb_CelebDF,faceswap-wav2lip,train,3.25,16000
Speaker_id00633,id00633,real,Speaker_id00633_real_001.wav,FakeAVCeleb_CelebDF,human,test,7.62,16000
Speaker_id00633,id00633,real,Speaker_id00633_real_002.wav,FakeAVCeleb_CelebDF,human,test,7.15,16000
Speaker_id00633,id00633,real,Speaker_id00633_real_012.wav,FakeAVCeleb_CelebDF,human,test,7.68,16000
Speaker_id00633,id00633,real,Speaker_id00633_real_013.wav,FakeAVCeleb_CelebDF,human,test,5.92,16000
Speaker_id00633,id00633,real,Speaker_id00633_real_015.wav,FakeAVCeleb_CelebDF,human,test,5.39,16000
Speaker_id00633,id00633,fake,Speaker_id00633_fake_006.wav,FakeAVCeleb_CelebDF,fsgan-wav2lip,test,7.68,16000
Speaker_id00633,id00633,fake,Speaker_id00633_fake_008.wav,FakeAVCeleb_CelebDF,wav2lip,test,7.68,16000
Speaker_id00633,id00633,fake,Speaker_id00633_fake_010.wav,FakeAVCeleb_CelebDF,fsgan-wav2lip,test,7.68,16000
Speaker_id00701,id00701,real,Speaker_id00701_real_001.wav,FakeAVCeleb_CelebDF,human,train,8.83,16000
Speaker_id00701,id00701,real,Speaker_id00701_real_002.wav,FakeAVCeleb_CelebDF,human,train,8.77,16000
Speaker_id00701,id00701,real,Speaker_id00701_real_003.wav,FakeAVCeleb_CelebDF,human,train,8.83,16000
Speaker_id00701,id00701,real,Speaker_id00701_real_006.wav,FakeAVCeleb_CelebDF,human,train,8.83,16000
Speaker_id00701,id00701,real,Speaker_id00701_real_007.wav,FakeAVCeleb_CelebDF,human,train,4.76,16000
Speaker_id00701,id00701,real,Speaker_id00701_real_009.wav,FakeAVCeleb_CelebDF,human,train,8.54,16000
Speaker_id00701,id00701,real,Speaker_id00701_real_011.wav,FakeAVCeleb_CelebDF,human,train,8.83,16000
Speaker_id00701,id00701,real,Speaker_id00701_real_015.wav,FakeAVCeleb_CelebDF,human,train,4.04,16000
Speaker_id00701,id00701,fake,Speaker_id00701_fake_001.wav,FakeAVCeleb_CelebDF,wav2lip,train,8.32,16000
Speaker_id00701,id00701,fake,Speaker_id00701_fake_002.wav,FakeAVCeleb_CelebDF,wav2lip,train,8.83,16000
Speaker_id00701,id00701,fake,Speaker_id00701_fake_003.wav,FakeAVCeleb_CelebDF,wav2lip,train,8.83,16000
Speaker_id00701,id00701,fake,Speaker_id00701_fake_004.wav,FakeAVCeleb_CelebDF,wav2lip,train,8.83,16000
Speaker_id00701,id00701,fake,Speaker_id00701_fake_006.wav,FakeAVCeleb_CelebDF,faceswap-wav2lip,train,5.5,16000
Speaker_id00701,id00701,fake,Speaker_id00701_fake_009.wav,FakeAVCeleb_CelebDF,faceswap-wav2lip,train,3.27,16000
Speaker_id00701,id00701,fake,Speaker_id00701_fake_012.wav,FakeAVCeleb_CelebDF,wav2lip,train,5.32,16000
Speaker_id08402,id08402,real,Speaker_id08402_real_002.wav,FakeAVCeleb_CelebDF,human,valid,7.3,16000
Speaker_id08402,id08402,real,Speaker_id08402_real_003.wav,FakeAVCeleb_CelebDF,human,valid,7.3,16000
Speaker_id08402,id08402,real,Speaker_id08402_real_011.wav,FakeAVCeleb_CelebDF,human,valid,7.36,16000
Speaker_id08402,id08402,real,Speaker_id08402_real_013.wav,FakeAVCeleb_CelebDF,human,valid,6.11,16000
Speaker_id08402,id08402,real,Speaker_id08402_real_014.wav,FakeAVCeleb_CelebDF,human,valid,5.27,16000
Speaker_id08402,id08402,fake,Speaker_id08402_fake_002.wav,FakeAVCeleb_CelebDF,faceswap-wav2lip,valid,4.03,16000
Speaker_id08402,id08402,fake,Speaker_id08402_fake_004.wav,FakeAVCeleb_CelebDF,faceswap-wav2lip,valid,7.04,16000
Speaker_id08402,id08402,fake,Speaker_id08402_fake_015.wav,FakeAVCeleb_CelebDF,wav2lip,valid,5.18,16000
Speaker_id05435,id05435,real,Speaker_id05435_real_001.wav,FakeAVCeleb_CelebDF,human,train,4.61,16000
Speaker_id05435,id05435,real,Speaker_id05435_real_002.wav,FakeAVCeleb_CelebDF,human,train,4.61,16000
Speaker_id05435,id05435,real,Speaker_id05435_real_003.wav,FakeAVCeleb_CelebDF,human,train,4.54,16000
Speaker_id05435,id05435,real,Speaker_id05435_real_004.wav,FakeAVCeleb_CelebDF,human,train,4.54,16000
Speaker_id05435,id05435,real,Speaker_id05435_real_006.wav,FakeAVCeleb_CelebDF,human,train,4.61,16000
Speaker_id05435,id05435,real,Speaker_id05435_real_009.wav,FakeAVCeleb_CelebDF,human,train,4.61,16000
Speaker_id05435,id05435,real,Speaker_id05435_real_010.wav,FakeAVCeleb_CelebDF,human,train,4.61,16000
Speaker_id05435,id05435,real,Speaker_id05435_real_013.wav,FakeAVCeleb_CelebDF,human,train,4.61,16000
Speaker_id05435,id05435,real,Speaker_id05435_real_014.wav,FakeAVCeleb_CelebDF,human,train,4.61,16000
Speaker_id05435,id05435,real,Speaker_id05435_real_015.wav,FakeAVCeleb_CelebDF,human,train,4.61,16000
Speaker_id05435,id05435,fake,Speaker_id05435_fake_001.wav,FakeAVCeleb_CelebDF,wav2lip,train,4.61,16000
Speaker_id05435,id05435,fake,Speaker_id05435_fake_002.wav,FakeAVCeleb_CelebDF,wav2lip,train,3.84,16000
Speaker_id05435,id05435,fake,Speaker_id05435_fake_003.wav,FakeAVCeleb_CelebDF,faceswap-wav2lip,train,4.61,16000
Speaker_id05435,id05435,fake,Speaker_id05435_fake_007.wav,FakeAVCeleb_CelebDF,faceswap-wav2lip,train,4.61,16000
Speaker_id05435,id05435,fake,Speaker_id05435_fake_008.wav,FakeAVCeleb_CelebDF,fsgan-wav2lip,train,3.46,16000
Speaker_id05435,id05435,fake,Speaker_id05435_fake_009.wav,FakeAVCeleb_CelebDF,wav2lip,train,4.61,16000
Speaker_id05435,id05435,fake,Speaker_id05435_fake_011.wav,FakeAVCeleb_CelebDF,fsgan-wav2lip,train,3.85,16000
Speaker_id05435,id05435,fake,Speaker_id05435_fake_013.wav,FakeAVCeleb_CelebDF,fsgan-wav2lip,train,4.61,16000
Speaker_id05435,id05435,fake,Speaker_id05435_fake_014.wav,FakeAVCeleb_CelebDF,wav2lip,train,4.61,16000
Speaker_id03344,id03344,real,Speaker_id03344_real_001.wav,FakeAVCeleb_CelebDF,human,train,5.7,16000
Speaker_id03344,id03344,real,Speaker_id03344_real_004.wav,FakeAVCeleb_CelebDF,human,train,5.39,16000
Speaker_id03344,id03344,real,Speaker_id03344_real_005.wav,FakeAVCeleb_CelebDF,human,train,5.7,16000
Speaker_id03344,id03344,real,Speaker_id03344_real_010.wav,FakeAVCeleb_CelebDF,human,train,5.27,16000
Speaker_id03344,id03344,real,Speaker_id03344_real_012.wav,FakeAVCeleb_CelebDF,human,train,5.76,16000
Speaker_id03344,id03344,fake,Speaker_id03344_fake_002.wav,FakeAVCeleb_CelebDF,wav2lip,train,3.25,16000
Speaker_id03344,id03344,fake,Speaker_id03344_fake_003.wav,FakeAVCeleb_CelebDF,wav2lip,train,5.76,16000
Speaker_id03344,id03344,fake,Speaker_id03344_fake_005.wav,FakeAVCeleb_CelebDF,fsgan-wav2lip,train,5.76,16000
Speaker_id03344,id03344,fake,Speaker_id03344_fake_008.wav,FakeAVCeleb_CelebDF,fsgan-wav2lip,train,3.99,16000
Speaker_id03344,id03344,fake,Speaker_id03344_fake_010.wav,FakeAVCeleb_CelebDF,wav2lip,train,5.76,16000
Speaker_id03344,id03344,fake,Speaker_id03344_fake_011.wav,FakeAVCeleb_CelebDF,fsgan-wav2lip,train,5.12,16000
Speaker_id03344,id03344,fake,Speaker_id03344_fake_013.wav,FakeAVCeleb_CelebDF,fsgan-wav2lip,train,4.34,16000
Speaker_id03344,id03344,fake,Speaker_id03344_fake_014.wav,FakeAVCeleb_CelebDF,faceswap-wav2lip,train,5.76,16000
Speaker_id00816,id00816,real,Speaker_id00816_real_001.wav,FakeAVCeleb_CelebDF,human,valid,6.08,16000
Speaker_id00816,id00816,real,Speaker_id00816_real_002.wav,FakeAVCeleb_CelebDF,human,valid,6.08,16000
Speaker_id00816,id00816,real,Speaker_id00816_real_003.wav,FakeAVCeleb_CelebDF,human,valid,4.04,16000
Speaker_id00816,id00816,real,Speaker_id00816_real_004.wav,FakeAVCeleb_CelebDF,human,valid,6.02,16000
Speaker_id00816,id00816,real,Speaker_id00816_real_005.wav,FakeAVCeleb_CelebDF,human,valid,6.08,16000
Speaker_id00816,id00816,real,Speaker_id00816_real_006.wav,FakeAVCeleb_CelebDF,human,valid,6.08,16000
Speaker_id00816,id00816,real,Speaker_id00816_real_011.wav,FakeAVCeleb_CelebDF,human,valid,4.78,16000
Speaker_id00816,id00816,real,Speaker_id00816_real_013.wav,FakeAVCeleb_CelebDF,human,valid,4.48,16000
Speaker_id00816,id00816,real,Speaker_id00816_real_014.wav,FakeAVCeleb_CelebDF,human,valid,6.08,16000
Speaker_id00816,id00816,fake,Speaker_id00816_fake_001.wav,FakeAVCeleb_CelebDF,wav2lip,valid,6.08,16000
Speaker_id00816,id00816,fake,Speaker_id00816_fake_002.wav,FakeAVCeleb_CelebDF,wav2lip,valid,5.44,16000
Speaker_id00816,id00816,fake,Speaker_id00816_fake_003.wav,FakeAVCeleb_CelebDF,fsgan-wav2lip,valid,4.74,16000
Speaker_id00816,id00816,fake,Speaker_id00816_fake_004.wav,FakeAVCeleb_CelebDF,wav2lip,valid,5.82,16000
Speaker_id00816,id00816,fake,Speaker_id00816_fake_009.wav,FakeAVCeleb_CelebDF,wav2lip,valid,6.08,16000
Speaker_id00816,id00816,fake,Speaker_id00816_fake_012.wav,FakeAVCeleb_CelebDF,wav2lip,valid,3.97,16000
Speaker_id00816,id00816,fake,Speaker_id00816_fake_013.wav,FakeAVCeleb_CelebDF,wav2lip,valid,6.08,16000
Speaker_id00816,id00816,fake,Speaker_id00816_fake_015.wav,FakeAVCeleb_CelebDF,fsgan-wav2lip,valid,5.95,16000
Speaker_id01838,id01838,real,Speaker_id01838_real_001.wav,FakeAVCeleb_CelebDF,human,train,8.48,16000
Speaker_id01838,id01838,real,Speaker_id01838_real_002.wav,FakeAVCeleb_CelebDF,human,train,8.51,16000
Speaker_id01838,id01838,real,Speaker_id01838_real_003.wav,FakeAVCeleb_CelebDF,human,train,7.87,16000
Speaker_id01838,id01838,real,Speaker_id01838_real_004.wav,FakeAVCeleb_CelebDF,human,train,4.88,16000
Speaker_id01838,id01838,real,Speaker_id01838_real_009.wav,FakeAVCeleb_CelebDF,human,train,4.16,16000
Speaker_id01838,id01838,real,Speaker_id01838_real_010.wav,FakeAVCeleb_CelebDF,human,train,5.87,16000
Speaker_id01838,id01838,real,Speaker_id01838_real_014.wav,FakeAVCeleb_CelebDF,human,train,6.48,16000
Speaker_id01838,id01838,real,Speaker_id01838_real_015.wav,FakeAVCeleb_CelebDF,human,train,7.38,16000
Speaker_id01838,id01838,fake,Speaker_id01838_fake_006.wav,FakeAVCeleb_CelebDF,wav2lip,train,7.42,16000
Speaker_id01838,id01838,fake,Speaker_id01838_fake_008.wav,FakeAVCeleb_CelebDF,wav2lip,train,5.83,16000
Speaker_id01838,id01838,fake,Speaker_id01838_fake_010.wav,FakeAVCeleb_CelebDF,fsgan-wav2lip,train,2.72,16000
Speaker_id01838,id01838,fake,Speaker_id01838_fake_012.wav,FakeAVCeleb_CelebDF,wav2lip,train,8.58,16000
Speaker_id01838,id01838,fake,Speaker_id01838_fake_014.wav,FakeAVCeleb_CelebDF,faceswap-wav2lip,train,7.8,16000
Speaker_id07163,id07163,real,Speaker_id07163_real_001.wav,FakeAVCeleb_CelebDF,human,test,3.97,16000
Speaker_id07163,id07163,real,Speaker_id07163_real_002.wav,FakeAVCeleb_CelebDF,human,test,4.03,16000
Speaker_id07163,id07163,real,Speaker_id07163_real_006.wav,FakeAVCeleb_CelebDF,human,test,3.97,16000
Speaker_id07163,id07163,real,Speaker_id07163_real_009.wav,FakeAVCeleb_CelebDF,human,test,4.03,16000
Speaker_id07163,id07163,real,Speaker_id07163_real_010.wav,FakeAVCeleb_CelebDF,human,test,4.03,16000
Speaker_id07163,id07163,real,Speaker_id07163_real_011.wav,FakeAVCeleb_CelebDF,human,test,4.03,16000
Speaker_id07163,id07163,real,Speaker_id07163_real_012.wav,FakeAVCeleb_CelebDF,human,test,4.03,16000
Speaker_id07163,id07163,real,Speaker_id07163_real_013.wav,FakeAVCeleb_CelebDF,human,test,4.03,16000
Speaker_id07163,id07163,real,Speaker_id07163_real_014.wav,FakeAVCeleb_CelebDF,human,test,4.03,16000
Speaker_id07163,id07163,fake,Speaker_id07163_fake_001.wav,FakeAVCeleb_CelebDF,fsgan-wav2lip,test,4.03,16000
Speaker_id07163,id07163,fake,Speaker_id07163_fake_002.wav,FakeAVCeleb_CelebDF,fsgan-wav2lip,test,4.03,16000
Speaker_id07163,id07163,fake,Speaker_id07163_fake_003.wav,FakeAVCeleb_CelebDF,fsgan-wav2lip,test,4.03,16000
Speaker_id07163,id07163,fake,Speaker_id07163_fake_004.wav,FakeAVCeleb_CelebDF,wav2lip,test,4.03,16000
Speaker_id07163,id07163,fake,Speaker_id07163_fake_005.wav,FakeAVCeleb_CelebDF,faceswap-wav2lip,test,4.03,16000
Speaker_id07163,id07163,fake,Speaker_id07163_fake_007.wav,FakeAVCeleb_CelebDF,faceswap-wav2lip,test,4.03,16000
Speaker_id07163,id07163,fake,Speaker_id07163_fake_009.wav,FakeAVCeleb_CelebDF,faceswap-wav2lip,test,4.03,16000
Speaker_id07163,id07163,fake,Speaker_id07163_fake_012.wav,FakeAVCeleb_CelebDF,wav2lip,test,4.03,16000
Speaker_id04530,id04530,real,Speaker_id04530_real_001.wav,FakeAVCeleb_CelebDF,human,train,5.44,16000
Speaker_id04530,id04530,real,Speaker_id04530_real_002.wav,FakeAVCeleb_CelebDF,human,train,4.62,16000
Speaker_id04530,id04530,real,Speaker_id04530_real_003.wav,FakeAVCeleb_CelebDF,human,train,5.44,16000
Speaker_id04530,id04530,real,Speaker_id04530_real_004.wav,FakeAVCeleb_CelebDF,human,train,5.38,16000
Speaker_id04530,id04530,real,Speaker_id04530_real_006.wav,FakeAVCeleb_CelebDF,human,train,5.44,16000
Speaker_id04530,id04530,real,Speaker_id04530_real_012.wav,FakeAVCeleb_CelebDF,human,train,5.38,16000
Speaker_id04530,id04530,real,Speaker_id04530_real_015.wav,FakeAVCeleb_CelebDF,human,train,5.44,16000
Speaker_id04530,id04530,fake,Speaker_id04530_fake_002.wav,FakeAVCeleb_CelebDF,fsgan-wav2lip,train,4.99,16000
Speaker_id04530,id04530,fake,Speaker_id04530_fake_004.wav,FakeAVCeleb_CelebDF,fsgan-wav2lip,train,4.8,16000
Speaker_id04530,id04530,fake,Speaker_id04530_fake_006.wav,FakeAVCeleb_CelebDF,wav2lip,train,5.44,16000
Speaker_id04530,id04530,fake,Speaker_id04530_fake_009.wav,FakeAVCeleb_CelebDF,wav2lip,train,5.44,16000
Speaker_id04530,id04530,fake,Speaker_id04530_fake_013.wav,FakeAVCeleb_CelebDF,faceswap-wav2lip,train,4.48,16000
Speaker_id01091,id01091,real,Speaker_id01091_real_002.wav,FakeAVCeleb_CelebDF,human,train,5.12,16000
Speaker_id01091,id01091,real,Speaker_id01091_real_006.wav,FakeAVCeleb_CelebDF,human,train,5.06,16000
Speaker_id01091,id01091,real,Speaker_id01091_real_008.wav,FakeAVCeleb_CelebDF,human,train,5.18,16000
Speaker_id01091,id01091,real,Speaker_id01091_real_013.wav,FakeAVCeleb_CelebDF,human,train,5.18,16000
Speaker_id01091,id01091,real,Speaker_id01091_real_014.wav,FakeAVCeleb_CelebDF,human,train,5.18,16000
Speaker_id01091,id01091,fake,Speaker_id01091_fake_001.wav,FakeAVCeleb_CelebDF,fsgan-wav2lip,train,5.18,16000
Speaker_id01091,id01091,fake,Speaker_id01091_fake_003.wav,FakeAVCeleb_CelebDF,fsgan-wav2lip,train,5.18,16000
Speaker_id01091,id01091,fake,Speaker_id01091_fake_004.wav,FakeAVCeleb_CelebDF,fsgan-wav2lip,train,5.18,16000
Speaker_id01091,id01091,fake,Speaker_id01091_fake_005.wav,FakeAVCeleb_CelebDF,wav2lip,train,4.93,16000
Speaker_id01091,id01091,fake,Speaker_id01091_fake_006.wav,FakeAVCeleb_CelebDF,fsgan-wav2lip,train,5.18,16000
Speaker_id01091,id01091,fake,Speaker_id01091_fake_009.wav,FakeAVCeleb_CelebDF,wav2lip,train,5.18,16000
Speaker_id01091,id01091,fake,Speaker_id01091_fake_011.wav,FakeAVCeleb_CelebDF,fsgan-wav2lip,train,5.18,16000
Speaker_id01091,id01091,fake,Speaker_id01091_fake_015.wav,FakeAVCeleb_CelebDF,wav2lip,train,5.18,16000
Speaker_id03713,id03713,real,Speaker_id03713_real_001.wav,FakeAVCeleb_CelebDF,human,train,4.04,16000
Speaker_id03713,id03713,real,Speaker_id03713_real_002.wav,FakeAVCeleb_CelebDF,human,train,4.29,16000
Speaker_id03713,id03713,real,Speaker_id03713_real_004.wav,FakeAVCeleb_CelebDF,human,train,4.35,16000
Speaker_id03713,id03713,real,Speaker_id03713_real_006.wav,FakeAVCeleb_CelebDF,human,train,4.35,16000
Speaker_id03713,id03713,real,Speaker_id03713_real_009.wav,FakeAVCeleb_CelebDF,human,train,4.35,16000
Speaker_id03713,id03713,real,Speaker_id03713_real_011.wav,FakeAVCeleb_CelebDF,human,train,4.2,16000
Speaker_id03713,id03713,real,Speaker_id03713_real_014.wav,FakeAVCeleb_CelebDF,human,train,4.35,16000
Speaker_id03713,id03713,real,Speaker_id03713_real_015.wav,FakeAVCeleb_CelebDF,human,train,4.35,16000
Speaker_id03713,id03713,fake,Speaker_id03713_fake_001.wav,FakeAVCeleb_CelebDF,fsgan-wav2lip,train,4.35,16000
Speaker_id03713,id03713,fake,Speaker_id03713_fake_002.wav,FakeAVCeleb_CelebDF,wav2lip,train,4.35,16000
Speaker_id03713,id03713,fake,Speaker_id03713_fake_003.wav,FakeAVCeleb_CelebDF,wav2lip,train,4.35,16000
Speaker_id03713,id03713,fake,Speaker_id03713_fake_006.wav,FakeAVCeleb_CelebDF,wav2lip,train,4.35,16000
Speaker_id03713,id03713,fake,Speaker_id03713_fake_007.wav,FakeAVCeleb_CelebDF,wav2lip,train,4.35,16000
Speaker_id03713,id03713,fake,Speaker_id03713_fake_011.wav,FakeAVCeleb_CelebDF,faceswap-wav2lip,train,4.35,16000
Speaker_id03713,id03713,fake,Speaker_id03713_fake_012.wav,FakeAVCeleb_CelebDF,faceswap-wav2lip,train,4.35,16000
Speaker_id03713,id03713,fake,Speaker_id03713_fake_013.wav,FakeAVCeleb_CelebDF,faceswap-wav2lip,train,4.35,16000
Speaker_id03713,id03713,fake,Speaker_id03713_fake_014.wav,FakeAVCeleb_CelebDF,wav2lip,train,4.35,16000
Speaker_id00264,id00264,real,Speaker_id00264_real_001.wav,FakeAVCeleb_CelebDF,human,test,4.93,16000
Speaker_id00264,id00264,real,Speaker_id00264_real_002.wav,FakeAVCeleb_CelebDF,human,test,4.22,16000
Speaker_id00264,id00264,real,Speaker_id00264_real_003.wav,FakeAVCeleb_CelebDF,human,test,13.25,16000
Speaker_id00264,id00264,real,Speaker_id00264_real_004.wav,FakeAVCeleb_CelebDF,human,test,7.81,16000
Speaker_id00264,id00264,real,Speaker_id00264_real_005.wav,FakeAVCeleb_CelebDF,human,test,4.8,16000
Speaker_id00264,id00264,real,Speaker_id00264_real_006.wav,FakeAVCeleb_CelebDF,human,test,4.86,16000
Speaker_id00264,id00264,real,Speaker_id00264_real_010.wav,FakeAVCeleb_CelebDF,human,test,4.86,16000
Speaker_id00264,id00264,real,Speaker_id00264_real_011.wav,FakeAVCeleb_CelebDF,human,test,4.86,16000
Speaker_id00264,id00264,real,Speaker_id00264_real_012.wav,FakeAVCeleb_CelebDF,human,test,4.86,16000
Speaker_id00264,id00264,real,Speaker_id00264_real_015.wav,FakeAVCeleb_CelebDF,human,test,4.86,16000
Speaker_id00264,id00264,fake,Speaker_id00264_fake_001.wav,FakeAVCeleb_CelebDF,faceswap-wav2lip,test,4.35,16000
Speaker_id00264,id00264,fake,Speaker_id00264_fake_002.wav,FakeAVCeleb_CelebDF,faceswap-wav2lip,test,4.67,16000
Speaker_id00264,id00264,fake,Speaker_id00264_fake_003.wav,FakeAVCeleb_CelebDF,faceswap-wav2lip,test,4.67,16000
Speaker_id00264,id00264,fake,Speaker_id00264_fake_004.wav,FakeAVCeleb_CelebDF,faceswap-wav2lip,test,4.67,16000
Speaker_id00264,id00264,fake,Speaker_id00264_fake_005.wav,FakeAVCeleb_CelebDF,faceswap-wav2lip,test,4.1,16000
Speaker_id00264,id00264,fake,Speaker_id00264_fake_006.wav,FakeAVCeleb_CelebDF,faceswap-wav2lip,test,4.29,16000
Speaker_id00264,id00264,fake,Speaker_id00264_fake_007.wav,FakeAVCeleb_CelebDF,faceswap-wav2lip,test,4.29,16000
Speaker_id00264,id00264,fake,Speaker_id00264_fake_008.wav,FakeAVCeleb_CelebDF,faceswap-wav2lip,test,4.29,16000
Speaker_id00264,id00264,fake,Speaker_id00264_fake_009.wav,FakeAVCeleb_CelebDF,faceswap-wav2lip,test,2.88,16000
Speaker_id00264,id00264,fake,Speaker_id00264_fake_010.wav,FakeAVCeleb_CelebDF,faceswap-wav2lip,test,4.29,16000
Speaker_id01207,id01207,real,Speaker_id01207_real_001.wav,FakeAVCeleb_CelebDF,human,test,4.74,16000
Speaker_id01207,id01207,real,Speaker_id01207_real_002.wav,FakeAVCeleb_CelebDF,human,test,4.74,16000
Speaker_id01207,id01207,real,Speaker_id01207_real_003.wav,FakeAVCeleb_CelebDF,human,test,4.8,16000
Speaker_id01207,id01207,real,Speaker_id01207_real_005.wav,FakeAVCeleb_CelebDF,human,test,4.8,16000
Speaker_id01207,id01207,real,Speaker_id01207_real_007.wav,FakeAVCeleb_CelebDF,human,test,4.8,16000
Speaker_id01207,id01207,real,Speaker_id01207_real_008.wav,FakeAVCeleb_CelebDF,human,test,4.8,16000
Speaker_id01207,id01207,real,Speaker_id01207_real_011.wav,FakeAVCeleb_CelebDF,human,test,4.04,16000
Speaker_id01207,id01207,real,Speaker_id01207_real_014.wav,FakeAVCeleb_CelebDF,human,test,4.8,16000
Speaker_id01207,id01207,fake,Speaker_id01207_fake_001.wav,FakeAVCeleb_CelebDF,faceswap-wav2lip,test,4.8,16000
Speaker_id01207,id01207,fake,Speaker_id01207_fake_002.wav,FakeAVCeleb_CelebDF,faceswap-wav2lip,test,4.8,16000
Speaker_id01207,id01207,fake,Speaker_id01207_fake_004.wav,FakeAVCeleb_CelebDF,faceswap-wav2lip,test,4.8,16000
Speaker_id01207,id01207,fake,Speaker_id01207_fake_006.wav,FakeAVCeleb_CelebDF,fsgan-wav2lip,test,4.8,16000
Speaker_id01207,id01207,fake,Speaker_id01207_fake_007.wav,FakeAVCeleb_CelebDF,fsgan-wav2lip,test,4.8,16000
Speaker_id01207,id01207,fake,Speaker_id01207_fake_011.wav,FakeAVCeleb_CelebDF,fsgan-wav2lip,test,4.8,16000
Speaker_id01207,id01207,fake,Speaker_id01207_fake_012.wav,FakeAVCeleb_CelebDF,fsgan-wav2lip,test,4.8,16000
Speaker_id01207,id01207,fake,Speaker_id01207_fake_013.wav,FakeAVCeleb_CelebDF,wav2lip,test,4.61,16000
Speaker_id01207,id01207,fake,Speaker_id01207_fake_015.wav,FakeAVCeleb_CelebDF,wav2lip,test,3.11,16000
Speaker_id01051,id01051,real,Speaker_id01051_real_001.wav,FakeAVCeleb_CelebDF,human,valid,5.44,16000
Speaker_id01051,id01051,real,Speaker_id01051_real_002.wav,FakeAVCeleb_CelebDF,human,valid,7.49,16000
Speaker_id01051,id01051,real,Speaker_id01051_real_004.wav,FakeAVCeleb_CelebDF,human,valid,12.29,16000
Speaker_id01051,id01051,real,Speaker_id01051_real_007.wav,FakeAVCeleb_CelebDF,human,valid,12.35,16000
Speaker_id01051,id01051,real,Speaker_id01051_real_015.wav,FakeAVCeleb_CelebDF,human,valid,11.84,16000
Speaker_id01051,id01051,fake,Speaker_id01051_fake_002.wav,FakeAVCeleb_CelebDF,faceswap-wav2lip,valid,6.02,16000
Speaker_id01051,id01051,fake,Speaker_id01051_fake_003.wav,FakeAVCeleb_CelebDF,faceswap-wav2lip,valid,7.55,16000
Speaker_id01051,id01051,fake,Speaker_id01051_fake_005.wav,FakeAVCeleb_CelebDF,faceswap-wav2lip,valid,5.41,16000
Speaker_id01051,id01051,fake,Speaker_id01051_fake_006.wav,FakeAVCeleb_CelebDF,fsgan-wav2lip,valid,7.17,16000
Speaker_id01051,id01051,fake,Speaker_id01051_fake_012.wav,FakeAVCeleb_CelebDF,wav2lip,valid,6.94,16000
Speaker_id01051,id01051,fake,Speaker_id01051_fake_014.wav,FakeAVCeleb_CelebDF,wav2lip,valid,12.35,16000
Speaker_id00694,id00694,real,Speaker_id00694_real_001.wav,FakeAVCeleb_CelebDF,human,train,4.74,16000
Speaker_id00694,id00694,real,Speaker_id00694_real_002.wav,FakeAVCeleb_CelebDF,human,train,4.8,16000
Speaker_id00694,id00694,real,Speaker_id00694_real_003.wav,FakeAVCeleb_CelebDF,human,train,4.8,16000
Speaker_id00694,id00694,real,Speaker_id00694_real_005.wav,FakeAVCeleb_CelebDF,human,train,4.06,16000
Speaker_id00694,id00694,real,Speaker_id00694_real_007.wav,FakeAVCeleb_CelebDF,human,train,4.8,16000
Speaker_id00694,id00694,real,Speaker_id00694_real_012.wav,FakeAVCeleb_CelebDF,human,train,4.8,16000
Speaker_id00694,id00694,real,Speaker_id00694_real_014.wav,FakeAVCeleb_CelebDF,human,train,4.74,16000
Speaker_id00694,id00694,fake,Speaker_id00694_fake_002.wav,FakeAVCeleb_CelebDF,wav2lip,train,4.8,16000
Speaker_id00694,id00694,fake,Speaker_id00694_fake_003.wav,FakeAVCeleb_CelebDF,fsgan-wav2lip,train,4.8,16000
Speaker_id00694,id00694,fake,Speaker_id00694_fake_004.wav,FakeAVCeleb_CelebDF,wav2lip,train,4.8,16000
Speaker_id00694,id00694,fake,Speaker_id00694_fake_005.wav,FakeAVCeleb_CelebDF,fsgan-wav2lip,train,4.8,16000
Speaker_id00694,id00694,fake,Speaker_id00694_fake_006.wav,FakeAVCeleb_CelebDF,wav2lip,train,4.8,16000
Speaker_id00694,id00694,fake,Speaker_id00694_fake_008.wav,FakeAVCeleb_CelebDF,fsgan-wav2lip,train,4.8,16000
Speaker_id00694,id00694,fake,Speaker_id00694_fake_009.wav,FakeAVCeleb_CelebDF,wav2lip,train,3.32,16000
Speaker_id00694,id00694,fake,Speaker_id00694_fake_011.wav,FakeAVCeleb_CelebDF,faceswap-wav2lip,train,3.83,16000
Speaker_id00694,id00694,fake,Speaker_id00694_fake_013.wav,FakeAVCeleb_CelebDF,faceswap-wav2lip,train,4.8,16000
Speaker_id06355,id06355,real,Speaker_id06355_real_001.wav,FakeAVCeleb_CelebDF,human,train,6.08,16000
Speaker_id06355,id06355,real,Speaker_id06355_real_002.wav,FakeAVCeleb_CelebDF,human,train,8.32,16000
Speaker_id06355,id06355,real,Speaker_id06355_real_003.wav,FakeAVCeleb_CelebDF,human,train,5.82,16000
Speaker_id06355,id06355,real,Speaker_id06355_real_005.wav,FakeAVCeleb_CelebDF,human,train,5.89,16000
Speaker_id06355,id06355,real,Speaker_id06355_real_006.wav,FakeAVCeleb_CelebDF,human,train,5.89,16000
Speaker_id06355,id06355,real,Speaker_id06355_real_008.wav,FakeAVCeleb_CelebDF,human,train,5.89,16000
Speaker_id06355,id06355,real,Speaker_id06355_real_010.wav,FakeAVCeleb_CelebDF,human,train,5.76,16000
Speaker_id06355,id06355,real,Speaker_id06355_real_012.wav,FakeAVCeleb_CelebDF,human,train,5.89,16000
Speaker_id06355,id06355,real,Speaker_id06355_real_014.wav,FakeAVCeleb_CelebDF,human,train,5.89,16000
Speaker_id06355,id06355,fake,Speaker_id06355_fake_001.wav,FakeAVCeleb_CelebDF,faceswap-wav2lip,train,6.14,16000
Speaker_id06355,id06355,fake,Speaker_id06355_fake_002.wav,FakeAVCeleb_CelebDF,faceswap-wav2lip,train,6.14,16000
Speaker_id06355,id06355,fake,Speaker_id06355_fake_005.wav,FakeAVCeleb_CelebDF,faceswap-wav2lip,train,6.14,16000
Speaker_id06355,id06355,fake,Speaker_id06355_fake_007.wav,FakeAVCeleb_CelebDF,faceswap-wav2lip,train,4.13,16000
Speaker_id06355,id06355,fake,Speaker_id06355_fake_011.wav,FakeAVCeleb_CelebDF,wav2lip,train,5.89,16000
Speaker_id06355,id06355,fake,Speaker_id06355_fake_012.wav,FakeAVCeleb_CelebDF,wav2lip,train,5.89,16000
Speaker_id02561,id02561,real,Speaker_id02561_real_001.wav,FakeAVCeleb_CelebDF,human,train,8.06,16000
Speaker_id02561,id02561,real,Speaker_id02561_real_003.wav,FakeAVCeleb_CelebDF,human,train,5.11,16000
Speaker_id02561,id02561,real,Speaker_id02561_real_004.wav,FakeAVCeleb_CelebDF,human,train,7.62,16000
Speaker_id02561,id02561,real,Speaker_id02561_real_006.wav,FakeAVCeleb_CelebDF,human,train,6.15,16000
Speaker_id02561,id02561,real,Speaker_id02561_real_008.wav,FakeAVCeleb_CelebDF,human,train,7.62,16000
Speaker_id02561,id02561,real,Speaker_id02561_real_011.wav,FakeAVCeleb_CelebDF,human,train,7.36,16000
Speaker_id02561,id02561,real,Speaker_id02561_real_012.wav,FakeAVCeleb_CelebDF,human,train,4.67,16000
Speaker_id02561,id02561,real,Speaker_id02561_real_013.wav,FakeAVCeleb_CelebDF,human,train,7.59,16000
Speaker_id02561,id02561,fake,Speaker_id02561_fake_003.wav,FakeAVCeleb_CelebDF,faceswap-wav2lip,train,5.64,16000
Speaker_id02561,id02561,fake,Speaker_id02561_fake_006.wav,FakeAVCeleb_CelebDF,faceswap-wav2lip,train,4.48,16000
Speaker_id02561,id02561,fake,Speaker_id02561_fake_007.wav,FakeAVCeleb_CelebDF,faceswap-wav2lip,train,4.48,16000
Speaker_id02561,id02561,fake,Speaker_id02561_fake_010.wav,FakeAVCeleb_CelebDF,faceswap-wav2lip,train,4.48,16000
Speaker_id02561,id02561,fake,Speaker_id02561_fake_011.wav,FakeAVCeleb_CelebDF,wav2lip,train,7.62,16000
Speaker_id02561,id02561,fake,Speaker_id02561_fake_012.wav,FakeAVCeleb_CelebDF,wav2lip,train,5.43,16000
Speaker_id02561,id02561,fake,Speaker_id02561_fake_015.wav,FakeAVCeleb_CelebDF,wav2lip,train,7.62,16000
Speaker_id04789,id04789,real,Speaker_id04789_real_001.wav,FakeAVCeleb_CelebDF,human,test,6.25,16000
Speaker_id04789,id04789,fake,Speaker_id04789_fake_001.wav,FakeAVCeleb_CelebDF,rtvc,test,6.3,16000
